[
  {"id":48550,"name":"Stangled Plant","type":10,"category":0,"actions":[],"coordinates":[[8542,37132],[8630,37196],[8650,37176]],"size":[2,2,523],"rotations":[0,0,0],"colors":[7122329,6396809,8434380,6990537]},
  {"id":48539,"name":"Strangled Fern","type":10,"category":0,"actions":[],"coordinates":[[8554,37164]],"size":[2,2,523],"rotations":[0],"colors":[7122329,6396809,8434380,6990537]},
  {"id":48356,"name":"Strangled Tree","type":10,"category":0,"actions":[],"coordinates":[[8554,37148]],"size":[2,2,523],"rotations":[0],"colors":[7122329,6396809,8434380,6990537]},
  {"id":48547,"name":"Strangled Plant","type":10,"category":0,"actions":[],"coordinates":[[8552,37138],[8564,37158],[8588,37142],[8664,37158],[8676,37138]],"size":[1,1,523],"rotations":[0,0,0,0,0],"colors":[7122329,6396809,8434380,6990537]},
  {"id":48555,"name":"Stangled Plant","type":10,"category":0,"actions":[],"coordinates":[[8558,37184],[8594,37196]],"size":[2,2,523],"rotations":[0,0],"colors":[7122329,6396809,8434380,6990537]},
  {"id":48361,"name":"Strangled Tree","type":10,"category":0,"actions":[],"coordinates":[[8558,37156],[8562,37164]],"size":[2,2,523],"rotations":[0,0],"colors":[7122329,6396809,8434380,6990537]},
  {"id":48360,"name":"Strangled Tree","type":10,"category":0,"actions":[],"coordinates":[[8558,37136],[8670,37124],[8678,37132]],"size":[2,2,523],"rotations":[0,0,0],"colors":[7122329,6396809,8434380,6990537]},
  {"id":48355,"name":"Strangled Tree","type":11,"category":0,"actions":[],"coordinates":[[8562,37180],[8586,37192],[8630,37144]],"size":[2,2,523],"rotations":[0,0,0],"colors":[7122329,6396809,8434380,6990537]},
  {"id":48533,"name":"Strangled Plant","type":10,"category":0,"actions":[],"coordinates":[[8562,37172],[8574,37160]],"size":[2,2,523],"rotations":[0,0],"colors":[7122329,6396809,8434380,6990537]},
  {"id":14540,"name":"Mushroom","type":10,"category":0,"actions":[],"coordinates":[[8560,37142],[8564,37146],[8616,37170],[8632,37138],[8652,37138],[8676,37150]],"size":[1,1,523],"rotations":[0,0,0,0,0,0],"colors":[7122329,6396809,8434380,6990537]},
  {"id":48549,"name":"Strangled Plant","type":10,"category":0,"actions":[],"coordinates":[[8560,37130],[8572,37202],[8612,37210],[8632,37150],[8660,37122]],"size":[1,1,523],"rotations":[0,0,0,0,0],"colors":[7122329,6396809,8434380,6990537]},
  {"id":48576,"name":"Rock","type":10,"category":0,"actions":[],"coordinates":[[8564,37198],[8596,37134],[8608,37214],[8628,37170],[8644,37126]],"size":[1,1,523],"rotations":[0,0,0,0,0],"colors":[7122329,6396809,8434380,6990537]},
  {"id":48537,"name":"Strangled Plant","type":10,"category":0,"actions":[],"coordinates":[[8566,37188],[8650,37164]],"size":[2,2,523],"rotations":[0,0],"colors":[7122329,6396809,8434380,6990537]},
  {"id":48357,"name":"Strangled Tree","type":11,"category":0,"actions":[],"coordinates":[[8566,37132],[8646,37160]],"size":[2,2,523],"rotations":[0,0],"colors":[7122329,6396809,8434380,6990537]},
  {"id":48575,"name":"Rock","type":10,"category":0,"actions":[],"coordinates":[[8568,37194],[8584,37214],[8600,37126]],"size":[1,1,523],"rotations":[0,0,0],"colors":[7122329,6396809,8434380,6990537]},
  {"id":48543,"name":"Strangled Fern","type":10,"category":0,"actions":[],"coordinates":[[8570,37128],[8574,37192]],"size":[2,2,523],"rotations":[0,0],"colors":[7122329,6396809,8434380,6990537]},
  {"id":48358,"name":"Strangled Tree","type":10,"category":0,"actions":[],"coordinates":[[8574,37124],[8586,37124],[8602,37132],[8614,37200],[8642,37136],[8642,37120],[8654,37132],[8654,37120],[8682,37128]],"size":[2,2,523],"rotations":[0,0,0,0,0,0,0,0,0],"colors":[7122329,6396809,8434380,6990537]},
  {"id":48577,"name":"Rock","type":10,"category":0,"actions":[],"coordinates":[[8580,37210],[8632,37174],[8648,37122],[8656,37182]],"size":[1,1,523],"rotations":[0,0,0,0],"colors":[7122329,6396809,8434380,6990537]},
  {"id":11913,"name":"Bush","type":10,"category":0,"actions":[],"coordinates":[[8582,37204],[8622,37204],[8666,37184],[8670,37140]],"size":[2,2,523],"rotations":[0,0,0,0],"colors":[7122329,6396809,8434380,6990537]},
  {"id":48548,"name":"Strangled Plant","type":10,"category":0,"actions":[],"coordinates":[[8580,37198],[8592,37122],[8604,37138],[8616,37206],[8624,37130],[8648,37146]],"size":[1,1,523],"rotations":[0,0,0,0,0,0],"colors":[7122329,6396809,8434380,6990537]},
  {"id":11914,"name":"Bush","type":10,"category":0,"actions":[],"coordinates":[[8580,37194],[8636,37166]],"size":[1,1,523],"rotations":[0,0],"colors":[7122329,6396809,8434380,6990537]},
  {"id":48737,"name":"Argian bush","type":10,"category":0,"actions":[],"coordinates":[[8580,37178],[8600,37138],[8616,37154]],"size":[1,1,523],"rotations":[0,0,0],"colors":[7122329,6396809,8434380,6990537]},
  {"id":48591,"name":"Strangled Tent","type":10,"category":0,"actions":[],"coordinates":[[8584,37154]],"size":[3,3,523],"rotations":[0],"colors":[7122329,6396809,8434380,6990537]},
  {"id":48354,"name":"Strangled Tree","type":10,"category":0,"actions":[],"coordinates":[[8582,37140],[8614,37164],[8622,37196],[8642,37172],[8670,37148]],"size":[2,2,523],"rotations":[0,0,0,0,0],"colors":[7122329,6396809,8434380,6990537]},
  {"id":48598,"name":"Broken Boaty","type":11,"category":0,"actions":[],"coordinates":[[8588,37214],[8600,37214]],"size":[3,3,523],"rotations":[0,0],"colors":[7122329,6396809,8434380,6990537]},
  {"id":48596,"name":"Crate","type":10,"category":0,"actions":[],"coordinates":[[8584,37186]],"size":[1,1,523],"rotations":[0],"colors":[7122329,6396809,8434380,6990537]},
  {"id":48597,"name":"Crates","type":10,"category":0,"actions":[],"coordinates":[[8584,37182],[8596,37190]],"size":[1,1,523],"rotations":[0,0],"colors":[7122329,6396809,8434380,6990537]},
  {"id":48594,"name":"Sacks","type":10,"category":0,"actions":[],"coordinates":[[8584,37178],[8592,37190],[8604,37178]],"size":[1,1,523],"rotations":[0,0,0],"colors":[7122329,6396809,8434380,6990537]},
  {"id":48590,"name":"Tent","type":10,"category":0,"actions":[],"coordinates":[[8590,37182],[8602,37186]],"size":[2,3,523],"rotations":[2,2],"colors":[7122329,6396809,8434380,6990537]},
  {"id":48716,"name":"Old campfire","type":10,"category":0,"actions":[],"coordinates":[[8592,37170]],"size":[1,1,523],"rotations":[0],"colors":[7122329,6396809,8434380,6990537]},
  {"id":48592,"name":"Strangled Tent","type":10,"category":0,"actions":[],"coordinates":[[8596,37158]],"size":[3,3,523],"rotations":[0],"colors":[7122329,6396809,8434380,6990537]},
  {"id":48595,"name":"Barrel","type":10,"category":0,"actions":[],"coordinates":[[8596,37186]],"size":[1,1,523],"rotations":[0],"colors":[7122329,6396809,8434380,6990537]},
  {"id":48544,"name":"Strangled Fern","type":10,"category":0,"actions":[],"coordinates":[[8606,37204],[8658,37168],[8658,37128],[8694,37124]],"size":[2,2,523],"rotations":[0,0,0,0],"colors":[7122329,6396809,8434380,6990537]},
  {"id":49549,"name":"Strange shrine","type":11,"category":0,"actions":[],"coordinates":[[8608,37130]],"size":[1,1,523],"rotations":[0],"colors":[7122329,6396809,8434380,6990537]},
  {"id":48578,"name":"Rock","type":10,"category":0,"actions":[],"coordinates":[[8608,37126],[8624,37146],[8632,37134],[8636,37126],[8660,37182]],"size":[1,1,523],"rotations":[0,0,0,0,0],"colors":[7122329,6396809,8434380,6990537]},
  {"id":48353,"name":"Strangled Tree","type":10,"category":0,"actions":[],"coordinates":[[8622,37176]],"size":[2,2,523],"rotations":[0],"colors":[7122329,6396809,8434380,6990537]},
  {"id":48554,"name":"Stangled Plant","type":10,"category":0,"actions":[],"coordinates":[[8622,37140]],"size":[2,2,523],"rotations":[0],"colors":[7122329,6396809,8434380,6990537]},
  {"id":48378,"name":"Strangled Tree","type":10,"category":0,"actions":[],"coordinates":[[8630,37180],[8666,37136]],"size":[2,2,523],"rotations":[0,0],"colors":[7122329,6396809,8434380,6990537]},
  {"id":42405,"name":"Plant","type":10,"category":0,"actions":[],"coordinates":[[8638,37160]],"size":[2,2,523],"rotations":[0],"colors":[7122329,6396809,8434380,6990537]},
  {"id":42402,"name":"Plant","type":10,"category":0,"actions":[],"coordinates":[[8638,37140]],"size":[2,2,523],"rotations":[0],"colors":[7122329,6396809,8434380,6990537]},
  {"id":48589,"name":"Cave","type":10,"category":0,"actions":["Peek"],"coordinates":[[8646,37184]],"size":[4,2,523],"rotations":[0],"colors":[7122329,6396809,8434380,6990537]},
  {"id":11912,"name":"Bush","type":10,"category":0,"actions":[],"coordinates":[[8644,37178]],"size":[1,1,523],"rotations":[0],"colors":[7122329,6396809,8434380,6990537]},
  {"id":42400,"name":"Plant","type":10,"category":0,"actions":[],"coordinates":[[8648,37154]],"size":[1,1,523],"rotations":[0],"colors":[7122329,6396809,8434380,6990537]},
  {"id":48384,"name":"Strangled Tree","type":10,"category":0,"actions":[],"coordinates":[[8658,37188]],"size":[2,2,523],"rotations":[0],"colors":[7122329,6396809,8434380,6990537]},
  {"id":48545,"name":"Strangled Plant","type":10,"category":0,"actions":[],"coordinates":[[8676,37122]],"size":[1,1,523],"rotations":[0],"colors":[7122329,6396809,8434380,6990537]}
]