[
  {"id":32524,"name":"Glowing Carving","type":10,"category":0,"actions":[],"coordinates":[[8748,10690],[8816,10690]],"size":[1,3,523],"rotations":[2,0],"colors":[7122329,6396809,8434380,6990537]},
  {"id":31969,"name":"Crystal","type":10,"category":0,"actions":[],"coordinates":[[8754,10704],[8758,10544],[8794,10596],[8810,10708],[8810,10672],[8838,10612],[8858,10552],[8894,10572]],"size":[2,2,523],"rotations":[0,0,0,0,0,0,0,0],"colors":[7122329,6396809,8434380,6990537]},
  {"id":30196,"name":"Chain","type":10,"category":0,"actions":[],"coordinates":[[8752,10690],[8764,10658],[8800,10718],[8812,10686]],"size":[1,1,523],"rotations":[0,0,0,0],"colors":[7122329,6396809,8434380,6990537]},
  {"id":31970,"name":"Crystal","type":10,"category":0,"actions":[],"coordinates":[[8756,10666],[8772,10614]],"size":[3,3,523],"rotations":[0,0],"colors":[7122329,6396809,8434380,6990537]},
  {"id":32506,"name":"Obelisk","type":10,"category":0,"actions":[],"coordinates":[[8764,10714],[8764,10702],[8764,10690],[8764,10678],[8764,10666],[8800,10714],[8800,10702],[8800,10690],[8800,10678],[8800,10666]],"size":[1,1,523],"rotations":[0,0,0,0,0,0,0,0,0,0],"colors":[7122329,6396809,8434380,6990537]},
  {"id":31967,"name":"Rope","type":10,"category":0,"actions":["Climb"],"coordinates":[[8768,10538]],"size":[1,1,523],"rotations":[0],"colors":[7122329,6396809,8434380,6990537]},
  {"id":31968,"name":"Rope","type":10,"category":0,"actions":[],"coordinates":[[8768,10538]],"size":[1,1,523],"rotations":[0],"colors":[7122329,6396809,8434380,6990537]},
  {"id":32509,"name":"Table","type":10,"category":0,"actions":[],"coordinates":[[8776,10700],[8788,10700]],"size":[2,1,523],"rotations":[1,1],"colors":[7122329,6396809,8434380,6990537]},
  {"id":32508,"name":"Unstable Altar","type":10,"category":0,"actions":["Inspect"],"coordinates":[[8782,10716]],"size":[2,2,523],"rotations":[0],"colors":[7122329,6396809,8434380,6990537]},
  {"id":32507,"name":"Magic Gate","type":10,"category":0,"actions":["Pass"],"coordinates":[[8782,10644]],"size":[2,2,523],"rotations":[0],"colors":[7122329,6396809,8434380,6990537]}
]