[
  {"id":57204,"name":"Barrel","type":11,"category":0,"actions":[],"coordinates":[[8836,37978],[8936,37950]],"size":[1,1,523],"rotations":[0,0],"colors":[7122329,6396809,8434380,6990537]},
  {"id":52432,"name":"Crates","type":10,"category":0,"actions":[],"coordinates":[[8844,37978]],"size":[1,1,523],"rotations":[0],"colors":[7122329,6396809,8434380,6990537]},
  {"id":52431,"name":"Crate","type":11,"category":0,"actions":[],"coordinates":[[8848,37978]],"size":[1,1,523],"rotations":[0],"colors":[7122329,6396809,8434380,6990537]},
  {"id":57251,"name":"Rockslide","type":10,"category":0,"actions":[],"coordinates":[[8866,37996],[8870,38016],[8870,38008],[8870,37960],[8886,38048],[8886,38032],[8894,38060],[8902,38068],[8922,37908],[8926,38084],[8950,38088]],"size":[2,2,523],"rotations":[0,0,0,0,0,0,0,0,0,0,0],"colors":[7122329,6396809,8434380,6990537]},
  {"id":57522,"name":"Tropical tree","type":11,"category":0,"actions":[],"coordinates":[[8870,37976],[8934,37908],[8958,38036]],"size":[2,2,523],"rotations":[0,0,0],"colors":[7122329,6396809,8434380,6990537]},
  {"id":57546,"name":"Plants","type":10,"category":0,"actions":[],"coordinates":[[8874,38000],[8890,37924],[8918,38024],[8926,37944],[8930,37976],[8946,38072]],"size":[2,2,523],"rotations":[0,0,0,0,0,0],"colors":[7122329,6396809,8434380,6990537]},
  {"id":57513,"name":"Tropical tree","type":11,"category":0,"actions":[],"coordinates":[[8880,37966],[8904,38042],[8960,38002]],"size":[3,3,523],"rotations":[0,0,0],"colors":[7122329,6396809,8434380,6990537]},
  {"id":50936,"name":"Tropical tree","type":11,"category":0,"actions":[],"coordinates":[[8880,37966],[8904,38042]],"size":[3,3,523],"rotations":[0,0],"colors":[7122329,6396809,8434380,6990537]},
  {"id":57520,"name":"Tropical tree","type":10,"category":0,"actions":[],"coordinates":[[8878,37956],[8934,37940]],"size":[2,2,523],"rotations":[0,0],"colors":[7122329,6396809,8434380,6990537]},
  {"id":57545,"name":"Plants","type":10,"category":0,"actions":[],"coordinates":[[8882,38016],[8922,37960],[8926,38024],[8934,38072],[8942,37976],[8950,37940]],"size":[2,2,523],"rotations":[0,0,0,0,0,0],"colors":[7122329,6396809,8434380,6990537]},
  {"id":57511,"name":"Tropical tree","type":10,"category":0,"actions":[],"coordinates":[[8888,37954],[8892,38014]],"size":[3,3,523],"rotations":[0,0],"colors":[7122329,6396809,8434380,6990537]},
  {"id":57514,"name":"Tropical tree","type":10,"category":0,"actions":[],"coordinates":[[8888,37954],[8892,38014]],"size":[3,3,523],"rotations":[0,0],"colors":[7122329,6396809,8434380,6990537]},
  {"id":57534,"name":"Rock","type":11,"category":0,"actions":[],"coordinates":[[8888,38006]],"size":[1,1,523],"rotations":[0],"colors":[7122329,6396809,8434380,6990537]},
  {"id":52646,"name":"Water pump","type":10,"category":177,"actions":[],"coordinates":[[8888,37986]],"size":[1,1,523],"rotations":[0],"colors":[7122329,6396809,8434380,6990537]},
  {"id":57523,"name":"Tree stump","type":10,"category":0,"actions":[],"coordinates":[[8890,37964]],"size":[2,2,523],"rotations":[0],"colors":[7122329,6396809,8434380,6990537]},
  {"id":57521,"name":"Tropical tree","type":10,"category":0,"actions":[],"coordinates":[[8894,38036]],"size":[2,2,523],"rotations":[0],"colors":[7122329,6396809,8434380,6990537]},
  {"id":57535,"name":"Rock","type":11,"category":0,"actions":[],"coordinates":[[8894,37980]],"size":[2,2,523],"rotations":[0],"colors":[7122329,6396809,8434380,6990537]},
  {"id":57537,"name":"Rock","type":11,"category":0,"actions":[],"coordinates":[[8896,38022],[8908,37990]],"size":[1,1,523],"rotations":[0,0],"colors":[7122329,6396809,8434380,6990537]},
  {"id":47978,"name":"Dummy","type":11,"category":0,"actions":[],"coordinates":[[8902,38024]],"size":[2,2,523],"rotations":[0],"colors":[7122329,6396809,8434380,6990537]},
  {"id":57357,"name":"Ladder","type":10,"category":2221,"actions":["Climb-up"],"coordinates":[[8900,37986]],"size":[1,1,523],"rotations":[0],"colors":[7122329,6396809,8434380,6990537]},
  {"id":57252,"name":"Rockslide","type":10,"category":0,"actions":[],"coordinates":[[8902,37928],[8914,37928],[8922,37920],[8942,38084]],"size":[2,2,523],"rotations":[0,0,0,0],"colors":[7122329,6396809,8434380,6990537]},
  {"id":57337,"name":"Table","type":10,"category":156,"actions":[],"coordinates":[[8906,37958],[8926,38058],[8924,38000],[8942,38058],[8942,37946],[8952,37952]],"size":[2,1,523],"rotations":[2,0,3,0,2,1],"colors":[7122329,6396809,8434380,6990537]},
  {"id":9076,"name":"Cloth","type":10,"category":0,"actions":[],"coordinates":[[8904,37950]],"size":[1,1,523],"rotations":[0],"colors":[7122329,6396809,8434380,6990537]},
  {"id":57519,"name":"Tropical tree","type":10,"category":0,"actions":[],"coordinates":[[8906,37936]],"size":[2,2,523],"rotations":[0],"colors":[7122329,6396809,8434380,6990537]},
  {"id":52614,"name":"Ladder","type":10,"category":664,"actions":["Climb-up"],"coordinates":[[8912,37958],[8928,37994]],"size":[1,1,523],"rotations":[0,0],"colors":[7122329,6396809,8434380,6990537]},
  {"id":9083,"name":"Dye pots","type":10,"category":0,"actions":[],"coordinates":[[8912,37950]],"size":[1,1,523],"rotations":[0],"colors":[7122329,6396809,8434380,6990537]},
  {"id":57339,"name":"Shrine","type":10,"category":0,"actions":[],"coordinates":[[8924,38048],[8944,38048]],"size":[2,1,523],"rotations":[3,1],"colors":[7122329,6396809,8434380,6990537]},
  {"id":50698,"name":"Furnace","type":10,"category":215,"actions":["Smelt"],"coordinates":[[8926,37984]],"size":[2,2,523],"rotations":[0],"colors":[7122329,6396809,8434380,6990537]},
  {"id":57332,"name":"Oven","type":10,"category":687,"actions":["Cook"],"coordinates":[[8934,38058]],"size":[2,1,523],"rotations":[2],"colors":[7122329,6396809,8434380,6990537]},
  {"id":56945,"name":"Workbench","type":10,"category":0,"actions":["Search"],"coordinates":[[8938,37982]],"size":[2,1,523],"rotations":[0],"colors":[7122329,6396809,8434380,6990537]},
  {"id":56937,"name":"Broken whetstone","type":10,"category":0,"actions":[],"coordinates":[[8942,37998]],"size":[2,1,523],"rotations":[2],"colors":[7122329,6396809,8434380,6990537]},
  {"id":2097,"name":"Anvil","type":10,"category":772,"actions":["Smith"],"coordinates":[[8952,37990]],"size":[1,1,523],"rotations":[0],"colors":[7122329,6396809,8434380,6990537]},
  {"id":57526,"name":"Tree stump","type":10,"category":0,"actions":[],"coordinates":[[8954,37980]],"size":[2,2,523],"rotations":[0],"colors":[7122329,6396809,8434380,6990537]},
  {"id":57515,"name":"Tropical tree","type":10,"category":0,"actions":[],"coordinates":[[8960,38002]],"size":[3,3,523],"rotations":[0],"colors":[7122329,6396809,8434380,6990537]}
]