[
  {"id":27761,"name":"Broken rowboat","type":10,"category":0,"actions":[],"coordinates":[[8890,35830]],"size":[4,5,523],"rotations":[2],"colors":[7122329,6396809,8434380,6990537]},
  {"id":11363,"name":"Clay rocks","type":10,"category":201,"actions":["Mine"],"coordinates":[[8924,35802]],"size":[1,1,523],"rotations":[0],"colors":[7122329,6396809,8434380,6990537]},
  {"id":11362,"name":"Clay rocks","type":10,"category":201,"actions":["Mine"],"coordinates":[[8928,35798]],"size":[1,1,523],"rotations":[0],"colors":[7122329,6396809,8434380,6990537]},
  {"id":11372,"name":"Mithril rocks","type":10,"category":252,"actions":["Mine"],"coordinates":[[8932,35810],[8956,35798]],"size":[1,1,523],"rotations":[0,0],"colors":[7122329,6396809,8434380,6990537]},
  {"id":11374,"name":"Adamantite rocks","type":10,"category":197,"actions":["Mine"],"coordinates":[[8936,35794],[8948,35810]],"size":[1,1,523],"rotations":[0,0],"colors":[7122329,6396809,8434380,6990537]},
  {"id":11373,"name":"Mithril rocks","type":10,"category":252,"actions":["Mine"],"coordinates":[[8940,35814],[8948,35786],[8952,35802]],"size":[1,1,523],"rotations":[0,0,0],"colors":[7122329,6396809,8434380,6990537]},
  {"id":11375,"name":"Adamantite rocks","type":10,"category":197,"actions":["Mine"],"coordinates":[[8940,35790],[8944,35802]],"size":[1,1,523],"rotations":[0,0],"colors":[7122329,6396809,8434380,6990537]},
  {"id":10822,"name":"Yew tree","type":10,"category":288,"actions":["Chop down"],"coordinates":[[8948,35646]],"size":[3,3,523],"rotations":[0],"colors":[7122329,6396809,8434380,6990537]},
  {"id":20851,"name":"Flour","type":22,"category":0,"actions":[],"coordinates":[[8948,35834]],"size":[1,1,523],"rotations":[0],"colors":[7122329,6396809,8434380,6990537]},
  {"id":10820,"name":"Oak tree","type":10,"category":279,"actions":["Chop down"],"coordinates":[[8952,35666],[8960,35722]],"size":[3,3,523],"rotations":[0,0],"colors":[7122329,6396809,8434380,6990537]}
]