[
  {"id":302,"name":"Eggs","type":10,"category":0,"actions":[],"coordinates":[[9016,12498],[9032,12502]],"size":[1,1,523],"rotations":[0,0],"colors":[7122329,6396809,8434380,6990537]},
  {"id":698,"name":"Big egg","type":10,"category":0,"actions":[],"coordinates":[[9024,12502],[9028,12494],[9036,12506],[9040,12498]],"size":[1,1,523],"rotations":[0,0,0,0],"colors":[7122329,6396809,8434380,6990537]},
  {"id":1171,"name":"Fungus","type":10,"category":0,"actions":[],"coordinates":[[9064,12338],[9084,12326],[9092,12418]],"size":[1,1,523],"rotations":[0,0,0],"colors":[7122329,6396809,8434380,6990537]},
  {"id":57529,"name":"Tree root","type":10,"category":0,"actions":[],"coordinates":[[9072,12478],[9096,12438]],"size":[1,1,523],"rotations":[0,0],"colors":[7122329,6396809,8434380,6990537]},
  {"id":57592,"name":"Cave","type":10,"category":0,"actions":["Enter"],"coordinates":[[9076,12316]],"size":[2,3,523],"rotations":[3],"colors":[7122329,6396809,8434380,6990537]},
  {"id":56905,"name":"Ledge","type":0,"category":0,"actions":[],"coordinates":[[9072,12314],[9076,12314],[9080,12314]],"size":[1,1,523],"rotations":[0,0,0],"colors":[7122329,6396809,8434380,6990537]},
  {"id":54940,"name":"Fern","type":10,"category":0,"actions":[],"coordinates":[[9080,12470],[9112,12390]],"size":[1,1,523],"rotations":[0,0],"colors":[7122329,6396809,8434380,6990537]},
  {"id":21741,"name":"Fungus","type":10,"category":0,"actions":[],"coordinates":[[9082,12368]],"size":[2,2,523],"rotations":[0],"colors":[7122329,6396809,8434380,6990537]},
  {"id":34857,"name":"Dragon egg","type":10,"category":0,"actions":[],"coordinates":[[9124,12510],[9128,12494],[9136,12514],[9140,12498],[9144,12506]],"size":[1,1,523],"rotations":[0,0,0,0,0],"colors":[7122329,6396809,8434380,6990537]},
  {"id":56931,"name":"Eggs","type":10,"category":0,"actions":[],"coordinates":[[9132,12502]],"size":[1,1,523],"rotations":[0],"colors":[7122329,6396809,8434380,6990537]}
]