[
  {"id":32054,"name":"Stone chest","type":10,"category":0,"actions":[],"coordinates":[[9116,9688]],"size":[2,1,523],"rotations":[3],"colors":[7122329,6396809,8434380,6990537]},
  {"id":32057,"name":"Stone chest","type":11,"category":0,"actions":[],"coordinates":[[9118,9680]],"size":[2,2,523],"rotations":[0],"colors":[7122329,6396809,8434380,6990537]},
  {"id":34581,"name":"Stone chest","type":10,"category":0,"actions":["Search"],"coordinates":[[9142,9624]],"size":[2,2,523],"rotations":[0],"colors":[7122329,6396809,8434380,6990537]}
]