[
  {"id":59375,"name":"Collapsed crab hole","type":10,"category":2317,"actions":["Chart"],"coordinates":[[9030,38406]],"size":[4,3,523],"rotations":[0],"colors":[7122329,6396809,8434380,6990537]},
  {"id":57537,"name":"Rock","type":10,"category":0,"actions":[],"coordinates":[[9036,38406],[9060,38426],[9156,38458],[9200,38462]],"size":[1,1,523],"rotations":[0,0,0,0],"colors":[7122329,6396809,8434380,6990537]},
  {"id":57535,"name":"Rock","type":10,"category":0,"actions":[],"coordinates":[[9046,38428]],"size":[2,2,523],"rotations":[0],"colors":[7122329,6396809,8434380,6990537]},
  {"id":57538,"name":"Rock","type":10,"category":0,"actions":[],"coordinates":[[9050,38440]],"size":[2,2,523],"rotations":[0],"colors":[7122329,6396809,8434380,6990537]},
  {"id":53188,"name":"Tree","type":10,"category":189,"actions":["Chop down"],"coordinates":[[9058,38460],[9066,38468],[9074,38424],[9078,38440],[9086,38468],[9090,38420],[9110,38492],[9110,38468],[9118,38400],[9126,38448],[9138,38488],[9150,38464],[9166,38492],[9166,38408],[9174,38476],[9182,38460],[9186,38436],[9194,38472],[9210,38404]],"size":[2,2,523],"rotations":[0,0,0,0,0,0,0,0,0,0,0,0,0,0,0,0,0,0,0],"colors":[7122329,6396809,8434380,6990537]},
  {"id":50939,"name":"Fern","type":10,"category":0,"actions":[],"coordinates":[[9070,38416],[9074,38456],[9082,38476],[9086,38436],[9110,38476],[9122,38480],[9122,38440],[9138,38444],[9150,38484],[9190,38456],[9198,38432],[9210,38440]],"size":[2,2,523],"rotations":[0,0,0,0,0,0,0,0,0,0,0,0],"colors":[7122329,6396809,8434380,6990537]},
  {"id":50935,"name":"Tropical tree","type":10,"category":0,"actions":[],"coordinates":[[9096,38430]],"size":[3,3,523],"rotations":[0],"colors":[7122329,6396809,8434380,6990537]},
  {"id":57514,"name":"Tropical tree","type":10,"category":0,"actions":[],"coordinates":[[9096,38430]],"size":[3,3,523],"rotations":[0],"colors":[7122329,6396809,8434380,6990537]},
  {"id":9034,"name":"Mahogany tree","type":10,"category":164,"actions":["Chop down"],"coordinates":[[9120,38410],[9124,38434],[9148,38438],[9164,38426]],"size":[3,3,523],"rotations":[0,0,0,0],"colors":[7122329,6396809,8434380,6990537]},
  {"id":57586,"name":"Picnic","type":10,"category":0,"actions":[],"coordinates":[[9156,38418]],"size":[1,1,523],"rotations":[0],"colors":[7122329,6396809,8434380,6990537]},
  {"id":57513,"name":"Tropical tree","type":10,"category":0,"actions":[],"coordinates":[[9164,38458]],"size":[3,3,523],"rotations":[0],"colors":[7122329,6396809,8434380,6990537]},
  {"id":57515,"name":"Tropical tree","type":10,"category":0,"actions":[],"coordinates":[[9164,38458]],"size":[3,3,523],"rotations":[0],"colors":[7122329,6396809,8434380,6990537]},
  {"id":57604,"name":"Rocks","type":22,"category":2205,"actions":["Climb"],"coordinates":[[9180,38422]],"size":[1,1,523],"rotations":[0],"colors":[7122329,6396809,8434380,6990537]},
  {"id":57534,"name":"Rock","type":10,"category":0,"actions":[],"coordinates":[[9188,38442]],"size":[1,1,523],"rotations":[0],"colors":[7122329,6396809,8434380,6990537]},
  {"id":57605,"name":"Rocks","type":22,"category":2206,"actions":["Climb"],"coordinates":[[9188,38422]],"size":[1,1,523],"rotations":[0],"colors":[7122329,6396809,8434380,6990537]}
]