[
  {"id":42072,"name":"Barrel","type":10,"category":0,"actions":[],"coordinates":[[8988,37242]],"size":[1,1,523],"rotations":[0],"colors":[7122329,6396809,8434380,6990537]},
  {"id":42066,"name":"Crate","type":10,"category":0,"actions":[],"coordinates":[[8988,37238],[9000,37230],[9004,37230]],"size":[1,1,523],"rotations":[0,0,0],"colors":[7122329,6396809,8434380,6990537]},
  {"id":42068,"name":"Crates","type":11,"category":0,"actions":[],"coordinates":[[8992,37226]],"size":[1,1,523],"rotations":[0],"colors":[7122329,6396809,8434380,6990537]},
  {"id":46708,"name":"Wall","type":3,"category":0,"actions":["Push-against"],"coordinates":[[9004,37238],[9004,37226],[9012,37238],[9012,37226],[9020,37238],[9020,37226]],"size":[1,1,523],"rotations":[0,0,0,0,0,0],"colors":[7122329,6396809,8434380,6990537]},
  {"id":27759,"name":"Rowboat","type":10,"category":0,"actions":[],"coordinates":[[9012,37240],[9022,37226]],"size":[2,3,523],"rotations":[1,2],"colors":[7122329,6396809,8434380,6990537]},
  {"id":42377,"name":"Pine tree","type":10,"category":2306,"actions":[],"coordinates":[[9062,37336],[9074,37348],[9078,37356],[9078,37332],[9090,37296],[9102,37304],[9142,37312],[9150,37360],[9174,37352],[9178,37360]],"size":[2,2,523],"rotations":[0,0,0,0,0,0,0,0,0,0],"colors":[7122329,6396809,8434380,6990537]},
  {"id":10820,"name":"Oak tree","type":10,"category":279,"actions":["Chop down"],"coordinates":[[9096,37138],[9172,37150]],"size":[3,3,523],"rotations":[0,0],"colors":[7122329,6396809,8434380,6990537]},
  {"id":1282,"name":"Dead tree","type":10,"category":189,"actions":["Chop down"],"coordinates":[[9110,37128],[9126,37132],[9166,37124],[9178,37128],[9194,37148]],"size":[2,2,523],"rotations":[0,0,0,0,0],"colors":[7122329,6396809,8434380,6990537]},
  {"id":55130,"name":"Rockslide","type":10,"category":0,"actions":[],"coordinates":[[9118,37148],[9126,37152],[9126,37136],[9134,37144],[9154,37160],[9162,37168],[9162,37152],[9170,37156],[9202,37148],[9210,37152]],"size":[2,2,523],"rotations":[0,0,0,0,0,0,0,0,0,0],"colors":[7122329,6396809,8434380,6990537]},
  {"id":42402,"name":"Plant","type":10,"category":0,"actions":[],"coordinates":[[9118,37124],[9154,37148]],"size":[2,2,523],"rotations":[0,0],"colors":[7122329,6396809,8434380,6990537]},
  {"id":55128,"name":"Rockslide","type":10,"category":0,"actions":[],"coordinates":[[9126,37144],[9162,37160]],"size":[2,2,523],"rotations":[0,0],"colors":[7122329,6396809,8434380,6990537]},
  {"id":1289,"name":"Dead tree","type":10,"category":189,"actions":["Chop down"],"coordinates":[[9132,37138],[9184,37146]],"size":[1,1,523],"rotations":[0,0],"colors":[7122329,6396809,8434380,6990537]},
  {"id":42403,"name":"Plant","type":10,"category":0,"actions":[],"coordinates":[[9134,37128],[9158,37124]],"size":[2,2,523],"rotations":[0,0],"colors":[7122329,6396809,8434380,6990537]},
  {"id":10829,"name":"Willow tree","type":10,"category":286,"actions":["Chop down"],"coordinates":[[9142,37224]],"size":[2,2,523],"rotations":[0],"colors":[7122329,6396809,8434380,6990537]},
  {"id":55122,"name":"Pine tree","type":10,"category":0,"actions":[],"coordinates":[[9146,37136],[9202,37136],[9210,37128]],"size":[2,2,523],"rotations":[0,0,0],"colors":[7122329,6396809,8434380,6990537]},
  {"id":10831,"name":"Willow tree","type":10,"category":286,"actions":["Chop down"],"coordinates":[[9150,37232]],"size":[2,2,523],"rotations":[0],"colors":[7122329,6396809,8434380,6990537]},
  {"id":1338,"name":"Hollow log","type":11,"category":0,"actions":[],"coordinates":[[9152,37126]],"size":[1,1,523],"rotations":[0],"colors":[7122329,6396809,8434380,6990537]},
  {"id":7466,"name":"Apple Tree","type":10,"category":0,"actions":[],"coordinates":[[9158,37256],[9162,37248]],"size":[2,2,523],"rotations":[0,0],"colors":[7122329,6396809,8434380,6990537]},
  {"id":51772,"name":"Oak tree","type":10,"category":279,"actions":["Chop down"],"coordinates":[[9206,37284]],"size":[4,4,523],"rotations":[0],"colors":[7122329,6396809,8434380,6990537]}
]