[
  {"id":10820,"name":"Oak tree","type":10,"category":279,"actions":["Chop down"],"coordinates":[[8976,35318]],"size":[3,3,523],"rotations":[0],"colors":[7122329,6396809,8434380,6990537]},
  {"id":1391,"name":"Plant","type":10,"category":0,"actions":[],"coordinates":[[8986,35320],[9010,35324]],"size":[2,2,523],"rotations":[0,0],"colors":[7122329,6396809,8434380,6990537]},
  {"id":34335,"name":"Sulphur Vent","type":10,"category":0,"actions":[],"coordinates":[[9146,35272],[9166,35228],[9186,35108],[9190,35292]],"size":[2,2,523],"rotations":[0,0,0,0],"colors":[7122329,6396809,8434380,6990537]},
  {"id":11364,"name":"Iron rocks","type":10,"category":218,"actions":["Mine"],"coordinates":[[9196,35174],[9200,35166],[9212,35178],[9212,35170]],"size":[1,1,523],"rotations":[0,0,0,0],"colors":[7122329,6396809,8434380,6990537]},
  {"id":11365,"name":"Iron rocks","type":11,"category":218,"actions":["Mine"],"coordinates":[[9200,35170]],"size":[1,1,523],"rotations":[0],"colors":[7122329,6396809,8434380,6990537]},
  {"id":11367,"name":"Coal rocks","type":10,"category":200,"actions":["Mine"],"coordinates":[[9208,35182]],"size":[1,1,523],"rotations":[0],"colors":[7122329,6396809,8434380,6990537]},
  {"id":11366,"name":"Coal rocks","type":10,"category":200,"actions":["Mine"],"coordinates":[[9212,35190]],"size":[1,1,523],"rotations":[0],"colors":[7122329,6396809,8434380,6990537]}
]