[
  {"id":34656,"name":"Chemical waste pipe","type":10,"category":0,"actions":[],"coordinates":[[9240,9698],[9292,9490],[9300,9498]],"size":[1,1,523],"rotations":[0,0,0],"colors":[7122329,6396809,8434380,6990537]},
  {"id":34544,"name":"Rocks","type":10,"category":0,"actions":["Climb"],"coordinates":[[9304,9608],[9342,9570],[9380,9608]],"size":[2,1,523],"rotations":[3,0,1],"colors":[7122329,6396809,8434380,6990537]},
  {"id":34584,"name":"Stone chest","type":11,"category":0,"actions":["Search"],"coordinates":[[9318,9512]],"size":[2,2,523],"rotations":[0],"colors":[7122329,6396809,8434380,6990537]},
  {"id":34514,"name":"Cave exit","type":10,"category":0,"actions":["Exit"],"coordinates":[[9342,9686]],"size":[2,3,523],"rotations":[0],"colors":[7122329,6396809,8434380,6990537]},
  {"id":34655,"name":"Mysterious pipe","type":10,"category":0,"actions":["Enter"],"coordinates":[[9360,9574]],"size":[1,1,523],"rotations":[0],"colors":[7122329,6396809,8434380,6990537]},
  {"id":34530,"name":"Steps","type":10,"category":0,"actions":["Climb"],"coordinates":[[9420,9608]],"size":[2,3,523],"rotations":[3],"colors":[7122329,6396809,8434380,6990537]}
]