[
  {"id":46415,"name":"Pillar","type":11,"category":0,"actions":[],"coordinates":[[9292,10878],[9292,10854],[9376,10878],[9376,10854]],"size":[1,1,523],"rotations":[0,0,0,0],"colors":[7122329,6396809,8434380,6990537]},
  {"id":46352,"name":"Stone table","type":10,"category":154,"actions":[],"coordinates":[[9304,10896]],"size":[1,2,523],"rotations":[0],"colors":[7122329,6396809,8434380,6990537]},
  {"id":46342,"name":"Vase","type":10,"category":0,"actions":[],"coordinates":[[9304,10890],[9312,10902],[9316,10902],[9360,10902],[9364,10890]],"size":[1,1,523],"rotations":[0,0,0,0,0],"colors":[7122329,6396809,8434380,6990537]},
  {"id":46337,"name":"Rubble","type":10,"category":0,"actions":[],"coordinates":[[9304,10882],[9356,10882]],"size":[1,1,523],"rotations":[0,0],"colors":[7122329,6396809,8434380,6990537]},
  {"id":46339,"name":"Stone chest","type":10,"category":0,"actions":[],"coordinates":[[9308,10890],[9364,10898]],"size":[1,1,523],"rotations":[0,0],"colors":[7122329,6396809,8434380,6990537]},
  {"id":46341,"name":"Stone chest","type":10,"category":0,"actions":[],"coordinates":[[9316,10890]],"size":[1,1,523],"rotations":[0],"colors":[7122329,6396809,8434380,6990537]},
  {"id":46376,"name":"Stone table","type":10,"category":154,"actions":["Search"],"coordinates":[[9322,10890]],"size":[1,2,523],"rotations":[1],"colors":[7122329,6396809,8434380,6990537]},
  {"id":46327,"name":"Rope","type":10,"category":0,"actions":["Climb-up"],"coordinates":[[9334,10960]],"size":[2,2,523],"rotations":[0],"colors":[7122329,6396809,8434380,6990537]},
  {"id":46358,"name":"Stone table","type":10,"category":154,"actions":[],"coordinates":[[9346,10892]],"size":[2,2,523],"rotations":[0],"colors":[7122329,6396809,8434380,6990537]},
  {"id":46361,"name":"Stone table","type":10,"category":155,"actions":[],"coordinates":[[9356,10902]],"size":[1,1,523],"rotations":[0],"colors":[7122329,6396809,8434380,6990537]},
  {"id":46351,"name":"Stone table","type":10,"category":154,"actions":[],"coordinates":[[9358,10890]],"size":[1,2,523],"rotations":[1],"colors":[7122329,6396809,8434380,6990537]}
]