[
  {"id":56784,"name":"Stack of bricks","type":10,"category":0,"actions":[],"coordinates":[[9292,12182],[9292,12094],[9384,12186],[9388,12098],[9388,12094]],"size":[1,1,523],"rotations":[0,0,0,0,0],"colors":[7122329,6396809,8434380,6990537]},
  {"id":56785,"name":"Bricks","type":10,"category":0,"actions":[],"coordinates":[[9292,12178],[9296,12186],[9300,12090],[9348,12086],[9380,12090],[9388,12182]],"size":[1,1,523],"rotations":[0,0,0,0,0,0],"colors":[7122329,6396809,8434380,6990537]},
  {"id":56783,"name":"Plank pile","type":11,"category":0,"actions":[],"coordinates":[[9292,12098],[9296,12090],[9300,12186],[9380,12186],[9384,12090],[9388,12178]],"size":[1,1,523],"rotations":[0,0,0,0,0,0],"colors":[7122329,6396809,8434380,6990537]},
  {"id":56853,"name":"Ancient fountainhead","type":10,"category":244,"actions":[],"coordinates":[[9326,12256],[9326,12216],[9354,12256],[9354,12216]],"size":[2,2,523],"rotations":[0,0,0,0],"colors":[7122329,6396809,8434380,6990537]},
  {"id":50938,"name":"Chest","type":10,"category":0,"actions":["Look-inside"],"coordinates":[[9326,12236]],"size":[2,2,523],"rotations":[0],"colors":[7122329,6396809,8434380,6990537]},
  {"id":56598,"name":"Skeleton","type":10,"category":0,"actions":["Search"],"coordinates":[[9328,12230]],"size":[1,1,523],"rotations":[0],"colors":[7122329,6396809,8434380,6990537]},
  {"id":51342,"name":"Brazier","type":10,"category":0,"actions":[],"coordinates":[[9332,12206],[9348,12206]],"size":[1,1,523],"rotations":[0,0],"colors":[7122329,6396809,8434380,6990537]},
  {"id":56618,"name":"Exit","type":10,"category":2191,"actions":["Pass-through"],"coordinates":[[9340,12274]],"size":[3,1,523],"rotations":[0],"colors":[7122329,6396809,8434380,6990537]},
  {"id":57289,"name":"Gap","type":10,"category":2220,"actions":["Jump-over"],"coordinates":[[9340,12200]],"size":[2,3,523],"rotations":[1],"colors":[7122329,6396809,8434380,6990537]},
  {"id":56769,"name":"Pillar","type":10,"category":0,"actions":[],"coordinates":[[9352,12266]],"size":[1,1,523],"rotations":[0],"colors":[7122329,6396809,8434380,6990537]},
  {"id":57288,"name":"Scoreboard","type":10,"category":0,"actions":["Read","General-stats","Delve-stats"],"coordinates":[[9352,12236]],"size":[4,1,523],"rotations":[1],"colors":[7122329,6396809,8434380,6990537]}
]