[
  {"id":56718,"name":"Log balance","type":22,"category":2204,"actions":["Walk-across"],"coordinates":[[9304,12838],[9316,12838]],"size":[1,1,523],"rotations":[0,0],"colors":[7122329,6396809,8434380,6990537]},
  {"id":56719,"name":"Log balance","type":22,"category":0,"actions":[],"coordinates":[[9308,12838],[9312,12838]],"size":[1,1,523],"rotations":[0,0],"colors":[7122329,6396809,8434380,6990537]},
  {"id":56717,"name":"Stepping stone","type":22,"category":2203,"actions":["Cross"],"coordinates":[[9356,12918]],"size":[1,1,523],"rotations":[0],"colors":[7122329,6396809,8434380,6990537]},
  {"id":56664,"name":"Staircase","type":10,"category":2197,"actions":["Climb-up"],"coordinates":[[9424,12960],[9438,12986]],"size":[2,3,523],"rotations":[1,2],"colors":[7122329,6396809,8434380,6990537]},
  {"id":56663,"name":"Staircase","type":10,"category":2196,"actions":["Climb-down"],"coordinates":[[9426,12960]],"size":[2,2,523],"rotations":[0],"colors":[7122329,6396809,8434380,6990537]}
]