[
  {"id":46333,"name":"Rope","type":10,"category":0,"actions":["Climb-up"],"coordinates":[[9274,10296]],"size":[2,2,523],"rotations":[0],"colors":[7122329,6396809,8434380,6990537]},
  {"id":46344,"name":"Huge Mushroom","type":10,"category":0,"actions":[],"coordinates":[[9288,10414],[9300,10366],[9364,10382]],"size":[1,1,523],"rotations":[0,0,0],"colors":[7122329,6396809,8434380,6990537]},
  {"id":46415,"name":"Pillar","type":11,"category":0,"actions":[],"coordinates":[[9292,10438],[9292,10370],[9360,10438],[9360,10370]],"size":[1,1,523],"rotations":[0,0,0,0],"colors":[7122329,6396809,8434380,6990537]},
  {"id":46337,"name":"Rubble","type":10,"category":0,"actions":[],"coordinates":[[9304,10366],[9312,10366],[9348,10366]],"size":[1,1,523],"rotations":[0,0,0],"colors":[7122329,6396809,8434380,6990537]},
  {"id":46352,"name":"Stone table","type":10,"category":154,"actions":[],"coordinates":[[9304,10356]],"size":[1,2,523],"rotations":[0],"colors":[7122329,6396809,8434380,6990537]},
  {"id":46342,"name":"Vase","type":10,"category":0,"actions":[],"coordinates":[[9304,10342],[9316,10338],[9344,10338],[9348,10342]],"size":[1,1,523],"rotations":[0,0,0,0],"colors":[7122329,6396809,8434380,6990537]},
  {"id":46349,"name":"Stone table","type":10,"category":154,"actions":[],"coordinates":[[9310,10338]],"size":[1,2,523],"rotations":[1],"colors":[7122329,6396809,8434380,6990537]},
  {"id":46339,"name":"Stone chest","type":10,"category":0,"actions":[],"coordinates":[[9312,10358],[9348,10350]],"size":[1,1,523],"rotations":[0,0],"colors":[7122329,6396809,8434380,6990537]},
  {"id":46361,"name":"Stone table","type":10,"category":155,"actions":[],"coordinates":[[9316,10358]],"size":[1,1,523],"rotations":[0],"colors":[7122329,6396809,8434380,6990537]},
  {"id":46356,"name":"Stone table","type":10,"category":157,"actions":[],"coordinates":[[9326,10404],[9338,10340]],"size":[2,2,523],"rotations":[0,0],"colors":[7122329,6396809,8434380,6990537]},
  {"id":46346,"name":"Huge Mushroom","type":10,"category":0,"actions":[],"coordinates":[[9324,10398],[9332,10442],[9368,10410]],"size":[1,1,523],"rotations":[0,0,0],"colors":[7122329,6396809,8434380,6990537]},
  {"id":46341,"name":"Stone chest","type":10,"category":0,"actions":[],"coordinates":[[9336,10358]],"size":[1,1,523],"rotations":[0],"colors":[7122329,6396809,8434380,6990537]},
  {"id":46378,"name":"Stone table","type":10,"category":154,"actions":["Search"],"coordinates":[[9342,10358]],"size":[1,2,523],"rotations":[1],"colors":[7122329,6396809,8434380,6990537]}
]