[
  {"id":14674,"name":"Skeleton","type":10,"category":0,"actions":[],"coordinates":[[9284,45206],[9288,45206],[9292,45206],[9296,45206],[9328,45206],[9332,45206],[9340,45206]],"size":[1,1,523],"rotations":[0,0,0,0,0,0,0],"colors":[7122329,6396809,8434380,6990537]},
  {"id":14675,"name":"Skeleton","type":10,"category":0,"actions":[],"coordinates":[[9300,45208],[9304,45208],[9320,45208],[9324,45208]],"size":[2,1,523],"rotations":[1,3,3,1],"colors":[7122329,6396809,8434380,6990537]},
  {"id":21773,"name":"Soul Devourer","type":10,"category":0,"actions":[],"coordinates":[[9312,45138]],"size":[5,5,523],"rotations":[0],"colors":[7122329,6396809,8434380,6990537]},
  {"id":21772,"name":"Portcullis","type":10,"category":0,"actions":["Exit"],"coordinates":[[9312,45274]],"size":[3,1,523],"rotations":[0],"colors":[7122329,6396809,8434380,6990537]},
  {"id":14645,"name":"Skeleton","type":10,"category":0,"actions":[],"coordinates":[[9336,45206]],"size":[1,1,523],"rotations":[0],"colors":[7122329,6396809,8434380,6990537]},
  {"id":23101,"name":"Soul boat","type":10,"category":0,"actions":[],"coordinates":[[9348,45102]],"size":[3,3,523],"rotations":[0],"colors":[7122329,6396809,8434380,6990537]}
]