[
  {"id":57534,"name":"Rock","type":10,"category":0,"actions":[],"coordinates":[[9232,38430],[9312,38430]],"size":[1,1,523],"rotations":[0,0],"colors":[7122329,6396809,8434380,6990537]},
  {"id":57537,"name":"Rock","type":10,"category":0,"actions":[],"coordinates":[[9236,38414]],"size":[1,1,523],"rotations":[0],"colors":[7122329,6396809,8434380,6990537]},
  {"id":50939,"name":"Fern","type":10,"category":0,"actions":[],"coordinates":[[9286,38424]],"size":[2,2,523],"rotations":[0],"colors":[7122329,6396809,8434380,6990537]},
  {"id":57527,"name":"Tree stump","type":10,"category":0,"actions":[],"coordinates":[[9288,38414],[9336,38402]],"size":[1,1,523],"rotations":[0,0],"colors":[7122329,6396809,8434380,6990537]},
  {"id":10829,"name":"Willow tree","type":10,"category":286,"actions":["Chop down"],"coordinates":[[9358,38572]],"size":[2,2,523],"rotations":[0],"colors":[7122329,6396809,8434380,6990537]},
  {"id":10819,"name":"Willow tree","type":10,"category":286,"actions":["Chop down"],"coordinates":[[9366,38596],[9370,38560]],"size":[2,2,523],"rotations":[0,0],"colors":[7122329,6396809,8434380,6990537]},
  {"id":1393,"name":"Plant","type":10,"category":0,"actions":[],"coordinates":[[9364,38562],[9400,38526],[9432,38574],[9444,38506]],"size":[1,1,523],"rotations":[0,0,0,0],"colors":[7122329,6396809,8434380,6990537]},
  {"id":1278,"name":"Tree","type":10,"category":189,"actions":["Chop down"],"coordinates":[[9370,38604],[9422,38584],[9458,38536]],"size":[2,2,523],"rotations":[0,0,0],"colors":[7122329,6396809,8434380,6990537]},
  {"id":1394,"name":"Plant","type":10,"category":0,"actions":[],"coordinates":[[9374,38596],[9430,38588]],"size":[2,2,523],"rotations":[0,0],"colors":[7122329,6396809,8434380,6990537]},
  {"id":10834,"name":"Magic tree","type":10,"category":290,"actions":["Chop down"],"coordinates":[[9378,38540],[9390,38528],[9406,38528]],"size":[2,2,523],"rotations":[0,0,0],"colors":[7122329,6396809,8434380,6990537]},
  {"id":1391,"name":"Plant","type":10,"category":0,"actions":[],"coordinates":[[9378,38532],[9430,38640],[9430,38580],[9442,38536]],"size":[2,2,523],"rotations":[0,0,0,0],"colors":[7122329,6396809,8434380,6990537]},
  {"id":53188,"name":"Tree","type":10,"category":189,"actions":["Chop down"],"coordinates":[[9386,38624]],"size":[2,2,523],"rotations":[0],"colors":[7122329,6396809,8434380,6990537]},
  {"id":51792,"name":"Rockslide","type":10,"category":0,"actions":[],"coordinates":[[9398,38644],[9418,38612],[9434,38560],[9450,38636],[9458,38620],[9458,38548],[9466,38544]],"size":[2,2,523],"rotations":[0,0,0,0,0,0,0],"colors":[7122329,6396809,8434380,6990537]},
  {"id":51790,"name":"Rockslide","type":10,"category":0,"actions":[],"coordinates":[[9406,38644]],"size":[2,2,523],"rotations":[0],"colors":[7122329,6396809,8434380,6990537]},
  {"id":51793,"name":"Rockslide","type":10,"category":0,"actions":[],"coordinates":[[9406,38636],[9426,38568]],"size":[2,2,523],"rotations":[0,0],"colors":[7122329,6396809,8434380,6990537]},
  {"id":1276,"name":"Tree","type":10,"category":189,"actions":["Chop down"],"coordinates":[[9410,38604],[9438,38504],[9450,38544]],"size":[2,2,523],"rotations":[0,0,0],"colors":[7122329,6396809,8434380,6990537]},
  {"id":10820,"name":"Oak tree","type":10,"category":279,"actions":["Chop down"],"coordinates":[[9416,38618],[9424,38554],[9436,38546]],"size":[3,3,523],"rotations":[0,0,0],"colors":[7122329,6396809,8434380,6990537]},
  {"id":1392,"name":"Plant","type":10,"category":0,"actions":[],"coordinates":[[9418,38628]],"size":[2,2,523],"rotations":[0],"colors":[7122329,6396809,8434380,6990537]},
  {"id":52449,"name":"Cypress Tree","type":10,"category":0,"actions":[],"coordinates":[[9422,38648],[9442,38608],[9446,38584],[9450,38652]],"size":[2,2,523],"rotations":[0,0,0,0],"colors":[7122329,6396809,8434380,6990537]},
  {"id":51788,"name":"Roots","type":10,"category":0,"actions":[],"coordinates":[[9420,38618]],"size":[1,1,523],"rotations":[0],"colors":[7122329,6396809,8434380,6990537]},
  {"id":51787,"name":"Roots","type":10,"category":0,"actions":[],"coordinates":[[9420,38598]],"size":[1,1,523],"rotations":[0],"colors":[7122329,6396809,8434380,6990537]},
  {"id":51791,"name":"Rockslide","type":10,"category":0,"actions":[],"coordinates":[[9434,38568]],"size":[2,2,523],"rotations":[0],"colors":[7122329,6396809,8434380,6990537]},
  {"id":51789,"name":"Roots","type":10,"category":0,"actions":[],"coordinates":[[9432,38554]],"size":[1,1,523],"rotations":[0],"colors":[7122329,6396809,8434380,6990537]},
  {"id":1279,"name":"Tree","type":10,"category":189,"actions":["Chop down"],"coordinates":[[9434,38512]],"size":[2,2,523],"rotations":[0],"colors":[7122329,6396809,8434380,6990537]},
  {"id":51762,"name":"Tree","type":10,"category":189,"actions":["Chop down"],"coordinates":[[9458,38544]],"size":[2,2,523],"rotations":[0],"colors":[7122329,6396809,8434380,6990537]},
  {"id":51833,"name":"Scarecrow","type":11,"category":0,"actions":[],"coordinates":[[9460,38590]],"size":[1,1,523],"rotations":[0],"colors":[7122329,6396809,8434380,6990537]}
]