[
  {"id":34335,"name":"Sulphur Vent","type":10,"category":0,"actions":[],"coordinates":[[9266,35048],[9362,35048],[9426,35052]],"size":[2,2,523],"rotations":[0,0,0],"colors":[7122329,6396809,8434380,6990537]},
  {"id":34346,"name":"Standing torch","type":10,"category":0,"actions":[],"coordinates":[[9304,35050],[9312,35034],[9328,35034],[9336,35050]],"size":[1,1,523],"rotations":[0,0,0,0],"colors":[7122329,6396809,8434380,6990537]},
  {"id":5359,"name":"Skeleton","type":10,"category":0,"actions":[],"coordinates":[[9320,35046]],"size":[1,1,523],"rotations":[0],"colors":[7122329,6396809,8434380,6990537]},
  {"id":16020,"name":"Inconspicuous hole (medium)","type":10,"category":960,"actions":["Build"],"coordinates":[[9328,35070]],"size":[1,1,523],"rotations":[0],"colors":[7122329,6396809,8434380,6990537]}
]