[
  {"id":32054,"name":"Stone chest","type":10,"category":0,"actions":[],"coordinates":[[9474,9454],[9486,9338],[9510,9470],[9520,9464]],"size":[2,1,523],"rotations":[0,0,2,1],"colors":[7122329,6396809,8434380,6990537]},
  {"id":32057,"name":"Stone chest","type":10,"category":0,"actions":[],"coordinates":[[9482,9456]],"size":[2,2,523],"rotations":[0],"colors":[7122329,6396809,8434380,6990537]},
  {"id":34562,"name":"Blue chemical","type":10,"category":0,"actions":[],"coordinates":[[9486,9388],[9490,9396],[9498,9336],[9522,9320]],"size":[2,2,523],"rotations":[0,0,0,0],"colors":[7122329,6396809,8434380,6990537]},
  {"id":34587,"name":"Broken machinery","type":10,"category":0,"actions":["Investigate"],"coordinates":[[9488,9374]],"size":[3,3,523],"rotations":[0],"colors":[7122329,6396809,8434380,6990537]},
  {"id":32141,"name":"Generator","type":10,"category":0,"actions":[],"coordinates":[[9486,9358]],"size":[5,2,523],"rotations":[3],"colors":[7122329,6396809,8434380,6990537]},
  {"id":34563,"name":"Green chemical","type":10,"category":0,"actions":[],"coordinates":[[9486,9344],[9602,9320]],"size":[2,2,523],"rotations":[0,0],"colors":[7122329,6396809,8434380,6990537]},
  {"id":32126,"name":"Pile of Ancient Books","type":10,"category":0,"actions":[],"coordinates":[[9484,9334],[9504,9334]],"size":[1,1,523],"rotations":[0,0],"colors":[7122329,6396809,8434380,6990537]},
  {"id":34564,"name":"Red chemical","type":10,"category":0,"actions":[],"coordinates":[[9490,9332],[9602,9400]],"size":[2,2,523],"rotations":[0,0],"colors":[7122329,6396809,8434380,6990537]},
  {"id":32128,"name":"Candle","type":10,"category":0,"actions":[],"coordinates":[[9496,9454],[9508,9454]],"size":[1,1,523],"rotations":[0,0],"colors":[7122329,6396809,8434380,6990537]},
  {"id":32127,"name":"Pile of Ancient Books","type":10,"category":0,"actions":[],"coordinates":[[9496,9330]],"size":[1,1,523],"rotations":[0],"colors":[7122329,6396809,8434380,6990537]},
  {"id":34548,"name":"Rocks","type":10,"category":0,"actions":["Climb"],"coordinates":[[9502,9426]],"size":[2,1,523],"rotations":[2],"colors":[7122329,6396809,8434380,6990537]},
  {"id":34586,"name":"Stone chest","type":10,"category":0,"actions":["Search"],"coordinates":[[9502,9352]],"size":[2,2,523],"rotations":[0],"colors":[7122329,6396809,8434380,6990537]},
  {"id":34585,"name":"Stone chest","type":11,"category":0,"actions":["Search"],"coordinates":[[9518,9456]],"size":[2,2,523],"rotations":[0],"colors":[7122329,6396809,8434380,6990537]},
  {"id":34554,"name":"Alchemical door","type":0,"category":1300,"actions":["Open","Quick-open"],"coordinates":[[9516,9398]],"size":[1,1,523],"rotations":[0],"colors":[7122329,6396809,8434380,6990537]},
  {"id":34553,"name":"Alchemical door","type":0,"category":1300,"actions":["Open","Quick-open"],"coordinates":[[9516,9394]],"size":[1,1,523],"rotations":[0],"colors":[7122329,6396809,8434380,6990537]}
]