[
  {"id":8951,"name":"Rock","type":10,"category":0,"actions":[],"coordinates":[[9552,10446],[9600,10446],[9640,10442]],"size":[1,1,523],"rotations":[0,0,0],"colors":[7122329,6396809,8434380,6990537]},
  {"id":46415,"name":"Pillar","type":11,"category":0,"actions":[],"coordinates":[[9552,10426],[9552,10386],[9640,10426],[9640,10386]],"size":[1,1,523],"rotations":[0,0,0,0],"colors":[7122329,6396809,8434380,6990537]},
  {"id":8950,"name":"Rock","type":10,"category":0,"actions":[],"coordinates":[[9562,10440],[9630,10448]],"size":[2,2,523],"rotations":[0,0],"colors":[7122329,6396809,8434380,6990537]},
  {"id":46361,"name":"Stone table","type":10,"category":155,"actions":[],"coordinates":[[9564,10374]],"size":[1,1,523],"rotations":[0],"colors":[7122329,6396809,8434380,6990537]},
  {"id":46339,"name":"Stone chest","type":10,"category":0,"actions":[],"coordinates":[[9564,10370],[9628,10358]],"size":[1,1,523],"rotations":[0,0],"colors":[7122329,6396809,8434380,6990537]},
  {"id":46342,"name":"Vase","type":10,"category":0,"actions":[],"coordinates":[[9564,10358],[9568,10354],[9620,10354],[9628,10374],[9628,10370]],"size":[1,1,523],"rotations":[0,0,0,0,0],"colors":[7122329,6396809,8434380,6990537]},
  {"id":8952,"name":"Rock","type":10,"category":0,"actions":[],"coordinates":[[9574,10444]],"size":[2,2,523],"rotations":[0],"colors":[7122329,6396809,8434380,6990537]},
  {"id":46357,"name":"Stone table","type":10,"category":154,"actions":[],"coordinates":[[9574,10356]],"size":[2,2,523],"rotations":[0],"colors":[7122329,6396809,8434380,6990537]},
  {"id":46341,"name":"Stone chest","type":10,"category":0,"actions":[],"coordinates":[[9584,10374],[9608,10354]],"size":[1,1,523],"rotations":[0,0],"colors":[7122329,6396809,8434380,6990537]},
  {"id":46377,"name":"Stone table","type":10,"category":154,"actions":["Search"],"coordinates":[[9590,10374]],"size":[1,2,523],"rotations":[3],"colors":[7122329,6396809,8434380,6990537]},
  {"id":41817,"name":"Vines","type":10,"category":0,"actions":[],"coordinates":[[9592,10334]],"size":[1,1,523],"rotations":[0],"colors":[7122329,6396809,8434380,6990537]},
  {"id":46330,"name":"Rope","type":10,"category":0,"actions":["Climb-up"],"coordinates":[[9596,10296]],"size":[2,3,523],"rotations":[1],"colors":[7122329,6396809,8434380,6990537]},
  {"id":46337,"name":"Rubble","type":10,"category":0,"actions":[],"coordinates":[[9596,10382],[9632,10382]],"size":[1,1,523],"rotations":[0,0],"colors":[7122329,6396809,8434380,6990537]},
  {"id":46380,"name":"Vines","type":0,"category":0,"actions":["Inspect"],"coordinates":[[9596,10334]],"size":[1,1,523],"rotations":[0],"colors":[7122329,6396809,8434380,6990537]},
  {"id":41818,"name":"Vines","type":10,"category":0,"actions":[],"coordinates":[[9600,10334]],"size":[1,1,523],"rotations":[0],"colors":[7122329,6396809,8434380,6990537]},
  {"id":46348,"name":"Stone table","type":10,"category":169,"actions":[],"coordinates":[[9606,10374]],"size":[1,2,523],"rotations":[3],"colors":[7122329,6396809,8434380,6990537]},
  {"id":46355,"name":"Stone table","type":10,"category":154,"actions":[],"coordinates":[[9614,10354]],"size":[1,2,523],"rotations":[3],"colors":[7122329,6396809,8434380,6990537]}
]