[
  {"id":51271,"name":"Blood","type":10,"category":0,"actions":[],"coordinates":[[9660,11962],[9668,11842]],"size":[3,3,523],"rotations":[0,0],"colors":[7122329,6396809,8434380,6990537]},
  {"id":51270,"name":"Blood","type":10,"category":0,"actions":[],"coordinates":[[9660,11838],[9668,11966]],"size":[1,1,523],"rotations":[0,0],"colors":[7122329,6396809,8434380,6990537]},
  {"id":53003,"name":"Stairs","type":22,"category":0,"actions":["Quick-escape","Escape"],"coordinates":[[9724,11906],[9724,11902],[9724,11898]],"size":[1,1,523],"rotations":[0,0,0],"colors":[7122329,6396809,8434380,6990537]}
]