[
  {"id":14619,"name":"Mushroom","type":10,"category":0,"actions":[],"coordinates":[[9496,11674],[9500,11642],[9512,11598],[9560,11578],[9568,11598],[9572,11566],[9576,11522],[9580,11634],[9588,11542],[9592,11562],[9604,11546],[9616,11738],[9620,11622],[9620,11530],[9628,11734],[9640,11674],[9640,11630],[9644,11538],[9656,11650],[9660,11526]],"size":[1,1,523],"rotations":[0,0,0,0,0,0,0,0,0,0,0,0,0,0,0,0,0,0,0,0],"colors":[7122329,6396809,8434380,6990537]},
  {"id":14523,"name":"Skeleton","type":11,"category":0,"actions":[],"coordinates":[[9552,11738]],"size":[1,1,523],"rotations":[0],"colors":[7122329,6396809,8434380,6990537]},
  {"id":14524,"name":"Skeleton","type":10,"category":0,"actions":[],"coordinates":[[9556,11698]],"size":[1,1,523],"rotations":[0],"colors":[7122329,6396809,8434380,6990537]},
  {"id":51344,"name":"Brazier","type":10,"category":0,"actions":[],"coordinates":[[9584,11658],[9592,11618],[9604,11618],[9612,11658],[9700,11582],[9700,11546]],"size":[1,1,523],"rotations":[0,0,0,0,0,0],"colors":[7122329,6396809,8434380,6990537]},
  {"id":51377,"name":"Entrance","type":10,"category":0,"actions":["Pass-through"],"coordinates":[[9592,11770],[9716,11614]],"size":[3,3,523],"rotations":[0,0],"colors":[7122329,6396809,8434380,6990537]},
  {"id":52425,"name":"Barrel","type":10,"category":0,"actions":[],"coordinates":[[9588,11590]],"size":[1,1,523],"rotations":[0],"colors":[7122329,6396809,8434380,6990537]},
  {"id":51364,"name":"Camp barrier","type":10,"category":0,"actions":[],"coordinates":[[9590,11584]],"size":[2,2,523],"rotations":[0],"colors":[7122329,6396809,8434380,6990537]},
  {"id":42092,"name":"Stool","type":10,"category":0,"actions":[],"coordinates":[[9592,11594],[9600,11586]],"size":[1,1,523],"rotations":[0,0],"colors":[7122329,6396809,8434380,6990537]},
  {"id":51362,"name":"Cooking stove","type":10,"category":0,"actions":["Cook","Make-cuppa"],"coordinates":[[9594,11588]],"size":[2,2,523],"rotations":[0],"colors":[7122329,6396809,8434380,6990537]},
  {"id":51334,"name":"Statue","type":10,"category":0,"actions":[],"coordinates":[[9598,11656]],"size":[2,2,523],"rotations":[0],"colors":[7122329,6396809,8434380,6990537]},
  {"id":51371,"name":"Supply crates","type":10,"category":0,"actions":["Take-from","Take-from <col=00ffff>Fishing","Take-from <col=00ffff>Hunting","Take-from <col=00ffff>Herblore"],"coordinates":[[9596,11582]],"size":[1,1,523],"rotations":[0],"colors":[7122329,6396809,8434380,6990537]},
  {"id":51365,"name":"Grubby sapling","type":10,"category":0,"actions":["Collect-from"],"coordinates":[[9600,11738],[9600,11678],[9604,11730],[9604,11682],[9612,11574],[9628,11686],[9628,11582],[9632,11606],[9648,11610],[9664,11574],[9684,11590],[9692,11698]],"size":[1,1,523],"rotations":[0,0,0,0,0,0,0,0,0,0,0,0],"colors":[7122329,6396809,8434380,6990537]},
  {"id":51359,"name":"Rock","type":10,"category":0,"actions":["Trap"],"coordinates":[[9604,11702],[9612,11710],[9620,11710],[9628,11718],[9648,11594],[9656,11602],[9664,11602],[9672,11610]],"size":[1,1,523],"rotations":[0,0,0,0,0,0,0,0],"colors":[7122329,6396809,8434380,6990537]},
  {"id":51360,"name":"Lizard trap","type":10,"category":0,"actions":[],"coordinates":[[9608,11706],[9616,11710],[9624,11714],[9652,11598],[9660,11602],[9668,11606]],"size":[1,1,523],"rotations":[0,0,0,0,0,0],"colors":[7122329,6396809,8434380,6990537]},
  {"id":51358,"name":"Bush","type":10,"category":0,"actions":["Rustle"],"coordinates":[[9616,11726],[9616,11694],[9660,11618],[9660,11586]],"size":[1,1,523],"rotations":[0,0,0,0],"colors":[7122329,6396809,8434380,6990537]},
  {"id":51378,"name":"Entrance","type":10,"category":0,"actions":["Pass-through"],"coordinates":[[9656,11732]],"size":[2,3,523],"rotations":[1],"colors":[7122329,6396809,8434380,6990537]},
  {"id":51339,"name":"Statue","type":11,"category":0,"actions":[],"coordinates":[[9702,11624]],"size":[2,2,523],"rotations":[0],"colors":[7122329,6396809,8434380,6990537]},
  {"id":51338,"name":"Statue","type":11,"category":0,"actions":[],"coordinates":[[9702,11604]],"size":[2,2,523],"rotations":[0],"colors":[7122329,6396809,8434380,6990537]},
  {"id":51427,"name":"Ancient fountainhead","type":10,"category":244,"actions":[],"coordinates":[[9710,11578],[9710,11550]],"size":[2,3,523],"rotations":[0,0],"colors":[7122329,6396809,8434380,6990537]},
  {"id":51375,"name":"Entrance","type":10,"category":0,"actions":["Pass-through"],"coordinates":[[9714,11564]],"size":[2,2,523],"rotations":[0],"colors":[7122329,6396809,8434380,6990537]}
]