[
  {"id":14674,"name":"Skeleton","type":10,"category":0,"actions":[],"coordinates":[[9540,45462],[9544,45462],[9548,45462],[9552,45462],[9584,45462],[9588,45462],[9596,45462]],"size":[1,1,523],"rotations":[0,0,0,0,0,0,0],"colors":[7122329,6396809,8434380,6990537]},
  {"id":14675,"name":"Skeleton","type":10,"category":0,"actions":[],"coordinates":[[9556,45464],[9560,45464],[9576,45464],[9580,45464]],"size":[2,1,523],"rotations":[1,3,3,1],"colors":[7122329,6396809,8434380,6990537]},
  {"id":21773,"name":"Soul Devourer","type":10,"category":0,"actions":[],"coordinates":[[9568,45394]],"size":[5,5,523],"rotations":[0],"colors":[7122329,6396809,8434380,6990537]},
  {"id":21772,"name":"Portcullis","type":10,"category":0,"actions":["Exit"],"coordinates":[[9568,45530]],"size":[3,1,523],"rotations":[0],"colors":[7122329,6396809,8434380,6990537]},
  {"id":14645,"name":"Skeleton","type":10,"category":0,"actions":[],"coordinates":[[9592,45462]],"size":[1,1,523],"rotations":[0],"colors":[7122329,6396809,8434380,6990537]},
  {"id":23101,"name":"Soul boat","type":10,"category":0,"actions":[],"coordinates":[[9604,45358]],"size":[3,3,523],"rotations":[0],"colors":[7122329,6396809,8434380,6990537]}
]