[
  {"id":55049,"name":"Crates","type":10,"category":0,"actions":[],"coordinates":[[9480,13182],[9488,13158],[9588,13182],[9588,13178],[9588,13162],[9632,13166],[9632,13162],[9636,13186]],"size":[1,1,523],"rotations":[0,0,0,0,0,0,0,0],"colors":[7122329,6396809,8434380,6990537]},
  {"id":54957,"name":"Wine storage","type":10,"category":0,"actions":[],"coordinates":[[9482,13174]],"size":[3,2,523],"rotations":[3],"colors":[7122329,6396809,8434380,6990537]},
  {"id":55048,"name":"Crate","type":10,"category":0,"actions":[],"coordinates":[[9480,13166],[9484,13186],[9584,13182],[9592,13166],[9628,13166],[9640,13186]],"size":[1,1,523],"rotations":[0,0,0,0,0,0],"colors":[7122329,6396809,8434380,6990537]},
  {"id":54952,"name":"Wine storage","type":11,"category":0,"actions":[],"coordinates":[[9484,13182],[9488,13166],[9520,13190]],"size":[1,1,523],"rotations":[0,0,0],"colors":[7122329,6396809,8434380,6990537]},
  {"id":54955,"name":"Wine storage","type":10,"category":0,"actions":[],"coordinates":[[9496,13188],[9512,13188],[9540,13188],[9556,13188],[9572,13188]],"size":[3,2,523],"rotations":[2,2,2,2,2],"colors":[7122329,6396809,8434380,6990537]},
  {"id":54956,"name":"Wine storage","type":10,"category":0,"actions":[],"coordinates":[[9496,13160],[9512,13160],[9540,13160],[9556,13160],[9572,13160]],"size":[3,2,523],"rotations":[0,0,0,0,0],"colors":[7122329,6396809,8434380,6990537]},
  {"id":54785,"name":"Entrance","type":10,"category":0,"actions":[],"coordinates":[[9528,13208],[9528,13192]],"size":[2,3,523],"rotations":[3,1],"colors":[7122329,6396809,8434380,6990537]},
  {"id":54947,"name":"Staircase","type":10,"category":0,"actions":["Climb-up"],"coordinates":[[9526,13150]],"size":[2,3,523],"rotations":[0],"colors":[7122329,6396809,8434380,6990537]},
  {"id":55051,"name":"Wine barrel","type":10,"category":0,"actions":[],"coordinates":[[9582,13188],[9582,13160]],"size":[2,2,523],"rotations":[0,0],"colors":[7122329,6396809,8434380,6990537]},
  {"id":55050,"name":"Barrel","type":10,"category":0,"actions":[],"coordinates":[[9636,13182]],"size":[1,1,523],"rotations":[0],"colors":[7122329,6396809,8434380,6990537]},
  {"id":56437,"name":"Chest","type":10,"category":0,"actions":["Open"],"coordinates":[[9640,13170]],"size":[1,1,523],"rotations":[0],"colors":[7122329,6396809,8434380,6990537]},
  {"id":54936,"name":"Fern","type":10,"category":0,"actions":[],"coordinates":[[9646,13140],[9690,13148],[9698,13108]],"size":[2,2,523],"rotations":[0,0,0],"colors":[7122329,6396809,8434380,6990537]},
  {"id":54937,"name":"Fern","type":11,"category":0,"actions":[],"coordinates":[[9646,13108],[9686,13192],[9698,13140]],"size":[2,2,523],"rotations":[0,0,0],"colors":[7122329,6396809,8434380,6990537]},
  {"id":54945,"name":"Staircase","type":10,"category":0,"actions":["Climb-up"],"coordinates":[[9650,13170]],"size":[2,3,523],"rotations":[0],"colors":[7122329,6396809,8434380,6990537]},
  {"id":54951,"name":"Wine storage","type":10,"category":0,"actions":[],"coordinates":[[9648,13130]],"size":[1,1,523],"rotations":[0],"colors":[7122329,6396809,8434380,6990537]},
  {"id":54950,"name":"Food pot","type":10,"category":0,"actions":[],"coordinates":[[9648,13118],[9696,13130]],"size":[1,1,523],"rotations":[0,0],"colors":[7122329,6396809,8434380,6990537]},
  {"id":54935,"name":"Fern","type":11,"category":0,"actions":[],"coordinates":[[9654,13148],[9654,13100],[9690,13100]],"size":[2,2,523],"rotations":[0,0,0],"colors":[7122329,6396809,8434380,6990537]},
  {"id":54941,"name":"Young digweed","type":10,"category":2081,"actions":[],"coordinates":[[9652,13142],[9652,13106],[9692,13142],[9692,13106]],"size":[1,1,523],"rotations":[0,0,0,0],"colors":[7122329,6396809,8434380,6990537]},
  {"id":54940,"name":"Fern","type":10,"category":0,"actions":[],"coordinates":[[9656,13170],[9692,13190]],"size":[1,1,523],"rotations":[0,0],"colors":[7122329,6396809,8434380,6990537]},
  {"id":54892,"name":"Alembic","type":10,"category":2080,"actions":["Crystalise-potion","Check"],"coordinates":[[9660,13130]],"size":[1,1,523],"rotations":[0],"colors":[7122329,6396809,8434380,6990537]},
  {"id":54939,"name":"Fern","type":10,"category":0,"actions":[],"coordinates":[[9664,13190]],"size":[1,1,523],"rotations":[0],"colors":[7122329,6396809,8434380,6990537]},
  {"id":54914,"name":"Mixer","type":10,"category":0,"actions":[],"coordinates":[[9668,13136]],"size":[2,1,523],"rotations":[3],"colors":[7122329,6396809,8434380,6990537]},
  {"id":54869,"name":"Lye lever","type":10,"category":2079,"actions":["Operate"],"coordinates":[[9668,13134]],"size":[1,1,523],"rotations":[0],"colors":[7122329,6396809,8434380,6990537]},
  {"id":54881,"name":"Agitator","type":10,"category":2080,"actions":["Homogenise-potion","Check"],"coordinates":[[9668,13114]],"size":[1,1,523],"rotations":[0],"colors":[7122329,6396809,8434380,6990537]},
  {"id":54944,"name":"Lab books","type":10,"category":205,"actions":[],"coordinates":[[9672,13194]],"size":[1,1,523],"rotations":[0],"colors":[7122329,6396809,8434380,6990537]},
  {"id":54903,"name":"Hopper","type":10,"category":0,"actions":["Deposit"],"coordinates":[[9672,13142]],"size":[1,1,523],"rotations":[0],"colors":[7122329,6396809,8434380,6990537]},
  {"id":54915,"name":"Mixer","type":10,"category":0,"actions":[],"coordinates":[[9672,13138]],"size":[1,1,523],"rotations":[0],"colors":[7122329,6396809,8434380,6990537]},
  {"id":54867,"name":"Aga lever","type":4,"category":2079,"actions":["Operate"],"coordinates":[[9672,13134]],"size":[1,1,523],"rotations":[0],"colors":[7122329,6396809,8434380,6990537]},
  {"id":54918,"name":"Mixing vessel (Empty)","type":10,"category":0,"actions":["Take-from"],"coordinates":[[9672,13126]],"size":[1,1,523],"rotations":[0],"colors":[7122329,6396809,8434380,6990537]},
  {"id":54917,"name":"Conveyor belt","type":10,"category":0,"actions":["Fulfil-order"],"coordinates":[[9672,13106],[9672,13102]],"size":[1,1,523],"rotations":[0,0],"colors":[7122329,6396809,8434380,6990537]},
  {"id":54943,"name":"Lab books","type":10,"category":205,"actions":["Search"],"coordinates":[[9676,13194]],"size":[1,1,523],"rotations":[0],"colors":[7122329,6396809,8434380,6990537]},
  {"id":54916,"name":"Mixer","type":10,"category":0,"actions":[],"coordinates":[[9676,13136]],"size":[2,1,523],"rotations":[3],"colors":[7122329,6396809,8434380,6990537]},
  {"id":54868,"name":"Mox lever","type":10,"category":2079,"actions":["Operate"],"coordinates":[[9676,13134]],"size":[1,1,523],"rotations":[0],"colors":[7122329,6396809,8434380,6990537]},
  {"id":55032,"name":"Book","type":22,"category":0,"actions":[],"coordinates":[[9680,13194]],"size":[1,1,523],"rotations":[0],"colors":[7122329,6396809,8434380,6990537]},
  {"id":54870,"name":"Retort","type":10,"category":2080,"actions":["Concentrate-potion","Check"],"coordinates":[[9684,13130]],"size":[1,1,523],"rotations":[0],"colors":[7122329,6396809,8434380,6990537]},
  {"id":54938,"name":"Fern","type":11,"category":0,"actions":[],"coordinates":[[9688,13170]],"size":[1,1,523],"rotations":[0],"colors":[7122329,6396809,8434380,6990537]},
  {"id":54904,"name":"Refiner","type":10,"category":0,"actions":["Operate"],"coordinates":[[9692,13182]],"size":[1,1,523],"rotations":[0],"colors":[7122329,6396809,8434380,6990537]},
  {"id":54933,"name":"Bank Chest","type":10,"category":237,"actions":["Use","Collect"],"coordinates":[[9692,13178]],"size":[1,1,523],"rotations":[0],"colors":[7122329,6396809,8434380,6990537]},
  {"id":54949,"name":"Food pot","type":10,"category":0,"actions":[],"coordinates":[[9696,13118]],"size":[1,1,523],"rotations":[0],"colors":[7122329,6396809,8434380,6990537]}
]