[
  {"id":51375,"name":"Entrance","type":10,"category":0,"actions":["Pass-through"],"coordinates":[[9478,12068],[9514,12284],[9522,12284],[9650,12124],[9650,12072],[9650,12064]],"size":[2,2,523],"rotations":[0,0,0,0,0,0],"colors":[7122329,6396809,8434380,6990537]},
  {"id":51398,"name":"Chain","type":10,"category":0,"actions":[],"coordinates":[[9488,12230],[9488,12170],[9540,12174],[9548,12214],[9548,12138],[9576,12174]],"size":[1,1,523],"rotations":[0,0,0,0,0,0],"colors":[7122329,6396809,8434380,6990537]},
  {"id":39682,"name":"Bush","type":10,"category":0,"actions":[],"coordinates":[[9490,12212],[9490,12148],[9510,12104],[9546,12196]],"size":[2,2,523],"rotations":[0,0,0,0],"colors":[7122329,6396809,8434380,6990537]},
  {"id":39681,"name":"Bush","type":10,"category":0,"actions":[],"coordinates":[[9488,12204],[9488,12176],[9488,12144],[9488,12128],[9548,12208],[9548,12176],[9548,12152],[9568,12268]],"size":[1,2,523],"rotations":[0,0,0,0,2,2,2,0],"colors":[7122329,6396809,8434380,6990537]},
  {"id":42092,"name":"Stool","type":10,"category":0,"actions":[],"coordinates":[[9488,12110],[9500,12106]],"size":[1,1,523],"rotations":[0,0],"colors":[7122329,6396809,8434380,6990537]},
  {"id":52425,"name":"Barrel","type":10,"category":0,"actions":[],"coordinates":[[9488,12106]],"size":[1,1,523],"rotations":[0],"colors":[7122329,6396809,8434380,6990537]},
  {"id":51371,"name":"Supply crates","type":10,"category":0,"actions":["Take-from","Take-from <col=00ffff>Fishing","Take-from <col=00ffff>Hunting","Take-from <col=00ffff>Herblore"],"coordinates":[[9488,12102]],"size":[1,1,523],"rotations":[0],"colors":[7122329,6396809,8434380,6990537]},
  {"id":51362,"name":"Cooking stove","type":10,"category":0,"actions":["Cook","Make-cuppa"],"coordinates":[[9494,12108]],"size":[2,2,523],"rotations":[0],"colors":[7122329,6396809,8434380,6990537]},
  {"id":51342,"name":"Brazier","type":10,"category":0,"actions":[],"coordinates":[[9492,12078],[9492,12058]],"size":[1,1,523],"rotations":[0,0],"colors":[7122329,6396809,8434380,6990537]},
  {"id":14523,"name":"Skeleton","type":10,"category":0,"actions":[],"coordinates":[[9496,12130],[9572,12282],[9624,12218],[9628,12162]],"size":[1,1,523],"rotations":[0,0,0,0],"colors":[7122329,6396809,8434380,6990537]},
  {"id":51364,"name":"Camp barrier","type":10,"category":0,"actions":[],"coordinates":[[9498,12112]],"size":[2,2,523],"rotations":[0],"colors":[7122329,6396809,8434380,6990537]},
  {"id":51329,"name":"Statue","type":10,"category":0,"actions":[],"coordinates":[[9504,12262],[9532,12262]],"size":[3,3,523],"rotations":[0,0],"colors":[7122329,6396809,8434380,6990537]},
  {"id":14524,"name":"Skeleton","type":10,"category":0,"actions":[],"coordinates":[[9500,12186],[9536,12154],[9568,12198],[9576,12170],[9584,12266],[9620,12170],[9620,12134],[9628,12170]],"size":[1,1,523],"rotations":[0,0,0,0,0,0,0,0],"colors":[7122329,6396809,8434380,6990537]},
  {"id":51428,"name":"Ancient fountainhead","type":10,"category":1931,"actions":[],"coordinates":[[9506,12080],[9506,12056],[9538,12080],[9538,12056],[9570,12080],[9570,12056]],"size":[2,2,523],"rotations":[0,0,0,0,0,0],"colors":[7122329,6396809,8434380,6990537]},
  {"id":14525,"name":"Skeleton","type":10,"category":0,"actions":[],"coordinates":[[9532,12212],[9590,12282],[9608,12276]],"size":[2,1,523],"rotations":[1,2,1],"colors":[7122329,6396809,8434380,6990537]},
  {"id":51337,"name":"Statue","type":10,"category":0,"actions":[],"coordinates":[[9572,12274],[9624,12082]],"size":[3,3,523],"rotations":[0,0],"colors":[7122329,6396809,8434380,6990537]},
  {"id":51906,"name":"Brazier","type":10,"category":0,"actions":[],"coordinates":[[9578,12150],[9618,12150]],"size":[2,3,523],"rotations":[0,0],"colors":[7122329,6396809,8434380,6990537]},
  {"id":51400,"name":"Carving","type":10,"category":0,"actions":[],"coordinates":[[9598,12134]],"size":[6,1,523],"rotations":[0],"colors":[7122329,6396809,8434380,6990537]},
  {"id":56621,"name":"Glowing symbol","type":10,"category":0,"actions":["Touch"],"coordinates":[[9598,12282]],"size":[2,1,523],"rotations":[2],"colors":[7122329,6396809,8434380,6990537]},
  {"id":51336,"name":"Statue","type":10,"category":0,"actions":[],"coordinates":[[9624,12054]],"size":[3,3,523],"rotations":[0],"colors":[7122329,6396809,8434380,6990537]}
]