[
  {"id":56627,"name":"Broken keystone","type":11,"category":0,"actions":[],"coordinates":[[9518,12400],[9518,12356],[9578,12356]],"size":[2,2,523],"rotations":[0,0,0],"colors":[7122329,6396809,8434380,6990537]},
  {"id":56626,"name":"Broken keystone","type":10,"category":0,"actions":[],"coordinates":[[9518,12392],[9578,12396]],"size":[2,2,523],"rotations":[0,0],"colors":[7122329,6396809,8434380,6990537]},
  {"id":56628,"name":"Broken keystone","type":10,"category":0,"actions":[],"coordinates":[[9516,12382],[9516,12362],[9520,12406],[9524,12354],[9564,12350],[9580,12402]],"size":[1,1,523],"rotations":[0,0,0,0,0,0],"colors":[7122329,6396809,8434380,6990537]},
  {"id":56629,"name":"Broken keystone","type":11,"category":0,"actions":[],"coordinates":[[9520,12350],[9524,12402],[9576,12402],[9576,12350],[9580,12390]],"size":[1,1,523],"rotations":[0,0,0,0,0],"colors":[7122329,6396809,8434380,6990537]},
  {"id":51424,"name":"Ancient fountainhead","type":10,"category":244,"actions":[],"coordinates":[[9538,12412],[9558,12412]],"size":[2,2,523],"rotations":[0,0],"colors":[7122329,6396809,8434380,6990537]},
  {"id":56622,"name":"Glowing symbol","type":10,"category":2192,"actions":["Touch"],"coordinates":[[9548,12346]],"size":[3,1,523],"rotations":[0],"colors":[7122329,6396809,8434380,6990537]},
  {"id":56625,"name":"Broken keystone","type":10,"category":0,"actions":[],"coordinates":[[9570,12348]],"size":[2,2,523],"rotations":[0],"colors":[7122329,6396809,8434380,6990537]}
]