[
  {"id":34655,"name":"Mysterious pipe","type":10,"category":0,"actions":["Enter"],"coordinates":[[9480,9506]],"size":[1,1,523],"rotations":[0],"colors":[7122329,6396809,8434380,6990537]},
  {"id":1546,"name":"Door","type":0,"category":0,"actions":["Open"],"coordinates":[[9608,9538],[9608,9522],[9612,9554],[9636,9554],[9640,9538],[9640,9522]],"size":[1,1,523],"rotations":[0,0,0,0,0,0],"colors":[7122329,6396809,8434380,6990537]},
  {"id":33493,"name":"Steam Generator","type":10,"category":0,"actions":["Inspect"],"coordinates":[[9624,9554]],"size":[3,3,523],"rotations":[0],"colors":[7122329,6396809,8434380,6990537]},
  {"id":33499,"name":"Power Grid","type":10,"category":0,"actions":["Inspect"],"coordinates":[[9624,9530]],"size":[3,3,523],"rotations":[0],"colors":[7122329,6396809,8434380,6990537]},
  {"id":33484,"name":"Ladder","type":10,"category":0,"actions":["Climb-up"],"coordinates":[[9624,9514]],"size":[1,1,523],"rotations":[0],"colors":[7122329,6396809,8434380,6990537]},
  {"id":33497,"name":"Crates","type":10,"category":209,"actions":["Search"],"coordinates":[[9640,9530],[9640,9514],[9648,9526]],"size":[1,1,523],"rotations":[0,0,0],"colors":[7122329,6396809,8434380,6990537]},
  {"id":33496,"name":"Crate","type":10,"category":209,"actions":["Search"],"coordinates":[[9640,9526],[9648,9530]],"size":[1,1,523],"rotations":[0,0],"colors":[7122329,6396809,8434380,6990537]},
  {"id":33498,"name":"Crate","type":10,"category":209,"actions":["Search"],"coordinates":[[9644,9518]],"size":[1,1,523],"rotations":[0],"colors":[7122329,6396809,8434380,6990537]}
]