[
  {"id":1282,"name":"Dead tree","type":10,"category":189,"actions":["Chop down"],"coordinates":[[9494,36084],[9526,36056],[9594,36092]],"size":[2,2,523],"rotations":[0,0,0],"colors":[7122329,6396809,8434380,6990537]},
  {"id":20781,"name":"Skeleton","type":10,"category":0,"actions":[],"coordinates":[[9500,36092],[9502,36054],[9530,36066]],"size":[2,1,523],"rotations":[1,0,2],"colors":[7122329,6396809,8434380,6990537]},
  {"id":14756,"name":"Banner","type":10,"category":0,"actions":[],"coordinates":[[9508,36070],[9536,36082],[9552,36066]],"size":[1,1,523],"rotations":[0,0,0],"colors":[7122329,6396809,8434380,6990537]},
  {"id":20780,"name":"Skeleton","type":10,"category":0,"actions":[],"coordinates":[[9524,36070]],"size":[1,1,523],"rotations":[0],"colors":[7122329,6396809,8434380,6990537]},
  {"id":34486,"name":"Tree","type":10,"category":0,"actions":[],"coordinates":[[9544,35902],[9560,35914],[9568,35878],[9580,35902],[9580,35890]],"size":[1,1,523],"rotations":[0,0,0,0,0],"colors":[7122329,6396809,8434380,6990537]},
  {"id":46328,"name":"Tree","type":10,"category":0,"actions":[],"coordinates":[[9552,35882]],"size":[1,1,523],"rotations":[0],"colors":[7122329,6396809,8434380,6990537]},
  {"id":16873,"name":"Fish bits","type":10,"category":529,"actions":[],"coordinates":[[9556,35894]],"size":[1,1,523],"rotations":[0],"colors":[7122329,6396809,8434380,6990537]},
  {"id":16872,"name":"Fish bits","type":10,"category":529,"actions":[],"coordinates":[[9556,35890],[9560,35894]],"size":[1,1,523],"rotations":[0,0],"colors":[7122329,6396809,8434380,6990537]},
  {"id":24108,"name":"Barrel","type":10,"category":0,"actions":[],"coordinates":[[9560,35886]],"size":[1,1,523],"rotations":[0],"colors":[7122329,6396809,8434380,6990537]},
  {"id":848,"name":"Spear wall","type":10,"category":0,"actions":[],"coordinates":[[9564,36084],[9564,36076],[9564,36068]],"size":[2,1,523],"rotations":[1,1,1],"colors":[7122329,6396809,8434380,6990537]},
  {"id":33613,"name":"Occupied Cormorant perch","type":11,"category":0,"actions":[],"coordinates":[[9564,35906]],"size":[1,1,523],"rotations":[0],"colors":[7122329,6396809,8434380,6990537]},
  {"id":724,"name":"Standing torch","type":10,"category":0,"actions":[],"coordinates":[[9568,36086],[9568,36066]],"size":[1,1,523],"rotations":[0,0],"colors":[7122329,6396809,8434380,6990537]},
  {"id":8695,"name":"Door","type":0,"category":0,"actions":["Open"],"coordinates":[[9568,35894]],"size":[1,1,523],"rotations":[0],"colors":[7122329,6396809,8434380,6990537]},
  {"id":27769,"name":"Broken lobster trap","type":11,"category":0,"actions":[],"coordinates":[[9568,35886]],"size":[1,1,523],"rotations":[0],"colors":[7122329,6396809,8434380,6990537]},
  {"id":33614,"name":"Boaty","type":10,"category":0,"actions":["Board"],"coordinates":[[9572,35866],[9720,35982]],"size":[3,3,523],"rotations":[0,0],"colors":[7122329,6396809,8434380,6990537]},
  {"id":27227,"name":"Barrel","type":10,"category":0,"actions":[],"coordinates":[[9572,35886]],"size":[1,1,523],"rotations":[0],"colors":[7122329,6396809,8434380,6990537]},
  {"id":33612,"name":"Unoccupied Cormorant perch","type":10,"category":0,"actions":[],"coordinates":[[9576,35910]],"size":[1,1,523],"rotations":[0],"colors":[7122329,6396809,8434380,6990537]},
  {"id":27682,"name":"Chair","type":10,"category":0,"actions":[],"coordinates":[[9576,35898]],"size":[1,1,523],"rotations":[0],"colors":[7122329,6396809,8434380,6990537]},
  {"id":27768,"name":"Broken barrel","type":10,"category":0,"actions":[],"coordinates":[[9584,35878],[9592,35886]],"size":[1,1,523],"rotations":[0,0],"colors":[7122329,6396809,8434380,6990537]},
  {"id":27763,"name":"Broken boat","type":10,"category":0,"actions":[],"coordinates":[[9590,35878]],"size":[2,3,523],"rotations":[2],"colors":[7122329,6396809,8434380,6990537]},
  {"id":14174,"name":"Driftwood","type":10,"category":0,"actions":[],"coordinates":[[9598,35876]],"size":[2,2,523],"rotations":[0],"colors":[7122329,6396809,8434380,6990537]}
]