[
  {"id":46337,"name":"Rubble","type":10,"category":0,"actions":[],"coordinates":[[9772,11174],[9772,11142],[9772,11102],[9808,11182],[9816,11086],[9828,11182],[9840,11142],[9840,11098],[9924,11146],[9936,11126]],"size":[1,1,523],"rotations":[0,0,0,0,0,0,0,0,0,0],"colors":[7122329,6396809,8434380,6990537]},
  {"id":46417,"name":"Strange Vine","type":10,"category":0,"actions":[],"coordinates":[[9772,11170],[9784,11106],[9792,11086]],"size":[1,1,523],"rotations":[0,0,0],"colors":[7122329,6396809,8434380,6990537]},
  {"id":46415,"name":"Pillar","type":11,"category":0,"actions":[],"coordinates":[[9776,11178],[9776,11090],[9836,11178],[9836,11090]],"size":[1,1,523],"rotations":[0,0,0,0],"colors":[7122329,6396809,8434380,6990537]},
  {"id":46418,"name":"Strange Vine","type":10,"category":0,"actions":[],"coordinates":[[9782,11102],[9804,11120],[9838,11174],[9838,11138],[9840,11176]],"size":[2,1,523],"rotations":[0,1,2,2,3],"colors":[7122329,6396809,8434380,6990537]},
  {"id":46416,"name":"Strange Vine","type":10,"category":0,"actions":[],"coordinates":[[9798,11086]],"size":[2,1,523],"rotations":[0],"colors":[7122329,6396809,8434380,6990537]},
  {"id":46342,"name":"Vase","type":10,"category":0,"actions":[],"coordinates":[[9848,11166],[9852,11166],[9864,11102],[9868,11106]],"size":[1,1,523],"rotations":[0,0,0,0],"colors":[7122329,6396809,8434380,6990537]},
  {"id":46357,"name":"Stone table","type":10,"category":154,"actions":[],"coordinates":[[9850,11144]],"size":[2,2,523],"rotations":[0],"colors":[7122329,6396809,8434380,6990537]},
  {"id":46360,"name":"Stone table","type":10,"category":154,"actions":[],"coordinates":[[9850,11124]],"size":[2,2,523],"rotations":[0],"colors":[7122329,6396809,8434380,6990537]},
  {"id":46361,"name":"Stone table","type":10,"category":155,"actions":[],"coordinates":[[9848,11102]],"size":[1,1,523],"rotations":[0],"colors":[7122329,6396809,8434380,6990537]},
  {"id":46339,"name":"Stone chest","type":10,"category":0,"actions":[],"coordinates":[[9852,11102],[9868,11150]],"size":[1,1,523],"rotations":[0,0],"colors":[7122329,6396809,8434380,6990537]},
  {"id":46379,"name":"Stone table","type":10,"category":154,"actions":["Search"],"coordinates":[[9858,11166]],"size":[1,2,523],"rotations":[3],"colors":[7122329,6396809,8434380,6990537]},
  {"id":46341,"name":"Stone chest","type":10,"category":0,"actions":[],"coordinates":[[9864,11166]],"size":[1,1,523],"rotations":[0],"colors":[7122329,6396809,8434380,6990537]},
  {"id":46348,"name":"Stone table","type":10,"category":169,"actions":[],"coordinates":[[9868,11156]],"size":[1,2,523],"rotations":[0],"colors":[7122329,6396809,8434380,6990537]},
  {"id":46350,"name":"Stone table","type":10,"category":154,"actions":[],"coordinates":[[9868,11112]],"size":[1,2,523],"rotations":[2],"colors":[7122329,6396809,8434380,6990537]},
  {"id":46336,"name":"Rope","type":10,"category":0,"actions":["Climb-up"],"coordinates":[[9926,11134]],"size":[2,3,523],"rotations":[2],"colors":[7122329,6396809,8434380,6990537]}
]