[
  {"id":55048,"name":"Crate","type":10,"category":0,"actions":[],"coordinates":[[9824,13182],[9832,13086],[9836,13082],[9844,13182],[9848,13178],[9880,13138],[9884,13142],[9884,13082]],"size":[1,1,523],"rotations":[0,0,0,0,0,0,0,0],"colors":[7122329,6396809,8434380,6990537]},
  {"id":54993,"name":"Wine storage","type":10,"category":0,"actions":[],"coordinates":[[9834,13174],[9834,13162],[9834,13150],[9842,13174],[9842,13162],[9842,13150],[9866,13166],[9866,13154],[9874,13166],[9874,13154]],"size":[3,2,523],"rotations":[1,1,1,3,3,3,1,1,3,3],"colors":[7122329,6396809,8434380,6990537]},
  {"id":54995,"name":"Wine storage","type":10,"category":0,"actions":[],"coordinates":[[9832,13114],[9832,13110],[9832,13070],[9832,13066],[9836,13066]],"size":[1,1,523],"rotations":[0,0,0,0,0],"colors":[7122329,6396809,8434380,6990537]},
  {"id":55049,"name":"Crates","type":11,"category":0,"actions":[],"coordinates":[[9832,13082],[9832,13078],[9848,13182],[9880,13086],[9884,13138],[9884,13126],[9884,13086]],"size":[1,1,523],"rotations":[0,0,0,0,0,0,0],"colors":[7122329,6396809,8434380,6990537]},
  {"id":54736,"name":"Fancy chest","type":10,"category":0,"actions":["Open"],"coordinates":[[9840,13182]],"size":[1,1,523],"rotations":[0],"colors":[7122329,6396809,8434380,6990537]},
  {"id":48187,"name":"Books","type":10,"category":0,"actions":[],"coordinates":[[9840,13066]],"size":[1,1,523],"rotations":[0],"colors":[7122329,6396809,8434380,6990537]},
  {"id":55035,"name":"Table","type":10,"category":154,"actions":[],"coordinates":[[9844,13072],[9954,13126]],"size":[2,1,523],"rotations":[3,0],"colors":[7122329,6396809,8434380,6990537]},
  {"id":55037,"name":"Stool","type":10,"category":0,"actions":[],"coordinates":[[9848,13082],[9852,13070],[9856,13074]],"size":[1,1,523],"rotations":[0,0,0],"colors":[7122329,6396809,8434380,6990537]},
  {"id":55033,"name":"Table","type":10,"category":156,"actions":[],"coordinates":[[9848,13072],[9864,13072]],"size":[2,1,523],"rotations":[3,3],"colors":[7122329,6396809,8434380,6990537]},
  {"id":54705,"name":"Antique wine","type":11,"category":0,"actions":[],"coordinates":[[9852,13174]],"size":[1,1,523],"rotations":[0],"colors":[7122329,6396809,8434380,6990537]},
  {"id":54711,"name":"Small box","type":10,"category":0,"actions":["Investigate"],"coordinates":[[9852,13146]],"size":[1,1,523],"rotations":[0],"colors":[7122329,6396809,8434380,6990537]},
  {"id":55036,"name":"Table","type":10,"category":154,"actions":[],"coordinates":[[9854,13082],[9860,13072]],"size":[2,1,523],"rotations":[2,1],"colors":[7122329,6396809,8434380,6990537]},
  {"id":55050,"name":"Barrel","type":10,"category":0,"actions":[],"coordinates":[[9868,13146],[9900,13154],[9900,13118],[9908,13078],[9908,13074],[9924,13154],[9924,13082]],"size":[1,1,523],"rotations":[0,0,0,0,0,0,0],"colors":[7122329,6396809,8434380,6990537]},
  {"id":54708,"name":"Jug","type":10,"category":0,"actions":["Investigate"],"coordinates":[[9876,13086]],"size":[1,1,523],"rotations":[0],"colors":[7122329,6396809,8434380,6990537]},
  {"id":54712,"name":"Broken stool","type":10,"category":0,"actions":["Investigate"],"coordinates":[[9880,13170]],"size":[1,1,523],"rotations":[0],"colors":[7122329,6396809,8434380,6990537]},
  {"id":54716,"name":"Stairs","type":10,"category":0,"actions":["Climb-up"],"coordinates":[[9888,13076]],"size":[2,3,523],"rotations":[1],"colors":[7122329,6396809,8434380,6990537]},
  {"id":55051,"name":"Wine barrel","type":10,"category":0,"actions":[],"coordinates":[[9902,13148],[9902,13140],[9902,13132],[9902,13124],[9910,13152],[9914,13076],[9922,13148],[9922,13140],[9922,13132],[9922,13124],[9922,13076]],"size":[2,2,523],"rotations":[0,0,0,0,0,0,0,0,0,0,0],"colors":[7122329,6396809,8434380,6990537]},
  {"id":54710,"name":"Wine storage","type":10,"category":0,"actions":["Investigate"],"coordinates":[[9900,13090]],"size":[1,1,523],"rotations":[0],"colors":[7122329,6396809,8434380,6990537]},
  {"id":54709,"name":"Broken pottery","type":10,"category":0,"actions":["Investigate"],"coordinates":[[9920,13118]],"size":[1,1,523],"rotations":[0],"colors":[7122329,6396809,8434380,6990537]},
  {"id":55027,"name":"Bookshelf","type":10,"category":205,"actions":[],"coordinates":[[9928,13110],[9928,13102],[9940,13098]],"size":[1,1,523],"rotations":[0,0,0],"colors":[7122329,6396809,8434380,6990537]},
  {"id":54729,"name":"Bookshelf","type":10,"category":205,"actions":[],"coordinates":[[9928,13106],[9940,13106]],"size":[1,1,523],"rotations":[0,0],"colors":[7122329,6396809,8434380,6990537]},
  {"id":55023,"name":"Bookshelf","type":10,"category":205,"actions":[],"coordinates":[[9928,13098],[9940,13110],[9940,13102]],"size":[1,1,523],"rotations":[0,0,0],"colors":[7122329,6396809,8434380,6990537]},
  {"id":41653,"name":"Sofa","type":10,"category":0,"actions":[],"coordinates":[[9944,13124],[9950,13118],[9958,13118]],"size":[2,1,523],"rotations":[3,0,0],"colors":[7122329,6396809,8434380,6990537]},
  {"id":48166,"name":"Hat stand","type":10,"category":153,"actions":[],"coordinates":[[9944,13118],[9972,13130]],"size":[1,1,523],"rotations":[0,0],"colors":[7122329,6396809,8434380,6990537]},
  {"id":55022,"name":"Costume rack","type":10,"category":0,"actions":[],"coordinates":[[9944,13088],[9944,13080],[9962,13078]],"size":[2,1,523],"rotations":[3,3,0],"colors":[7122329,6396809,8434380,6990537]},
  {"id":55056,"name":"Privacy screen","type":10,"category":0,"actions":[],"coordinates":[[9954,13098],[9958,13098],[9962,13098],[9966,13098],[9970,13098]],"size":[1,2,523],"rotations":[3,3,3,3,3],"colors":[7122329,6396809,8434380,6990537]},
  {"id":55019,"name":"Costume rack","type":10,"category":0,"actions":[],"coordinates":[[9952,13088]],"size":[2,1,523],"rotations":[1],"colors":[7122329,6396809,8434380,6990537]},
  {"id":54719,"name":"Costume rack","type":10,"category":0,"actions":[],"coordinates":[[9952,13080]],"size":[2,1,523],"rotations":[1],"colors":[7122329,6396809,8434380,6990537]},
  {"id":55058,"name":"Mirror","type":10,"category":0,"actions":[],"coordinates":[[9956,13078]],"size":[1,1,523],"rotations":[0],"colors":[7122329,6396809,8434380,6990537]},
  {"id":55057,"name":"Chair","type":10,"category":0,"actions":[],"coordinates":[[9968,13092],[9968,13084]],"size":[2,1,523],"rotations":[3,3],"colors":[7122329,6396809,8434380,6990537]},
  {"id":54717,"name":"Stairs","type":10,"category":0,"actions":["Climb-up"],"coordinates":[[9976,13120]],"size":[2,3,523],"rotations":[1],"colors":[7122329,6396809,8434380,6990537]},
  {"id":54732,"name":"Crate","type":10,"category":0,"actions":[],"coordinates":[[9972,13110]],"size":[1,1,523],"rotations":[0],"colors":[7122329,6396809,8434380,6990537]},
  {"id":54985,"name":"Plant pot","type":10,"category":0,"actions":[],"coordinates":[[9972,13106]],"size":[1,1,523],"rotations":[0],"colors":[7122329,6396809,8434380,6990537]},
  {"id":55059,"name":"Vanity","type":10,"category":0,"actions":[],"coordinates":[[9972,13092],[9972,13084]],"size":[2,1,523],"rotations":[1,1],"colors":[7122329,6396809,8434380,6990537]},
  {"id":55041,"name":"Wardrobe","type":10,"category":0,"actions":[],"coordinates":[[9972,13078]],"size":[1,1,523],"rotations":[0],"colors":[7122329,6396809,8434380,6990537]}
]