[
  {"id":10832,"name":"Maple tree","type":10,"category":222,"actions":["Chop down"],"coordinates":[[9734,39028],[9758,39016],[9770,38980]],"size":[2,2,523],"rotations":[0,0,0],"colors":[7122329,6396809,8434380,6990537]},
  {"id":55130,"name":"Rockslide","type":10,"category":0,"actions":[],"coordinates":[[9734,38944],[9734,38924],[9758,38924],[9766,38940],[9778,38928]],"size":[2,2,523],"rotations":[0,0,0,0,0],"colors":[7122329,6396809,8434380,6990537]},
  {"id":1282,"name":"Dead tree","type":10,"category":189,"actions":["Chop down"],"coordinates":[[9738,39036],[9762,38976],[9934,38940]],"size":[2,2,523],"rotations":[0,0,0],"colors":[7122329,6396809,8434380,6990537]},
  {"id":1286,"name":"Dead tree","type":10,"category":189,"actions":["Chop down"],"coordinates":[[9740,39014],[9768,38974],[9912,38918]],"size":[1,1,523],"rotations":[0,0,0],"colors":[7122329,6396809,8434380,6990537]},
  {"id":55129,"name":"Rockslide","type":10,"category":0,"actions":[],"coordinates":[[9742,38924]],"size":[2,2,523],"rotations":[0],"colors":[7122329,6396809,8434380,6990537]},
  {"id":55131,"name":"Rockslide","type":10,"category":0,"actions":[],"coordinates":[[9742,38916],[9762,38948]],"size":[2,2,523],"rotations":[0,0],"colors":[7122329,6396809,8434380,6990537]},
  {"id":11367,"name":"Coal rocks","type":10,"category":200,"actions":["Mine"],"coordinates":[[9772,38934]],"size":[1,1,523],"rotations":[0],"colors":[7122329,6396809,8434380,6990537]},
  {"id":25159,"name":"Rock","type":10,"category":0,"actions":[],"coordinates":[[9780,38958],[9784,38958],[9784,38954],[9792,38986],[9796,38998],[9800,38982],[9800,38978],[9804,39002],[9808,38942],[9824,38934],[9852,38930],[9892,38930],[9908,38938],[9936,38966],[9944,38958]],"size":[1,1,523],"rotations":[0,0,0,0,0,0,0,0,0,0,0,0,0,0,0],"colors":[7122329,6396809,8434380,6990537]},
  {"id":11364,"name":"Iron rocks","type":10,"category":218,"actions":["Mine"],"coordinates":[[9780,38918]],"size":[1,1,523],"rotations":[0],"colors":[7122329,6396809,8434380,6990537]},
  {"id":25160,"name":"Rock","type":10,"category":0,"actions":[],"coordinates":[[9786,38980],[9822,38928],[9858,38932],[9906,38932],[9950,38952]],"size":[2,2,523],"rotations":[0,0,0,0,0],"colors":[7122329,6396809,8434380,6990537]},
  {"id":11365,"name":"Iron rocks","type":10,"category":218,"actions":["Mine"],"coordinates":[[9788,38926]],"size":[1,1,523],"rotations":[0],"colors":[7122329,6396809,8434380,6990537]},
  {"id":25158,"name":"Rock","type":10,"category":0,"actions":[],"coordinates":[[9794,38980],[9850,38924]],"size":[2,2,523],"rotations":[0,0],"colors":[7122329,6396809,8434380,6990537]},
  {"id":11370,"name":"Gold rocks","type":10,"category":199,"actions":["Mine"],"coordinates":[[9792,38922]],"size":[1,1,523],"rotations":[0],"colors":[7122329,6396809,8434380,6990537]}
]