[
  {"id":56359,"name":"Infernal shale rocks","type":10,"category":0,"actions":["Mine"],"coordinates":[[9984,10038],[9988,10042]],"size":[1,1,523],"rotations":[0,0],"colors":[7122329,6396809,8434380,6990537]},
  {"id":56366,"name":"Furnace","type":10,"category":0,"actions":["Smelt"],"coordinates":[[9990,10058]],"size":[2,3,523],"rotations":[2],"colors":[7122329,6396809,8434380,6990537]},
  {"id":56368,"name":"Anvil","type":10,"category":0,"actions":["Smith"],"coordinates":[[9988,10050]],"size":[1,1,523],"rotations":[0],"colors":[7122329,6396809,8434380,6990537]},
  {"id":56360,"name":"Infernal shale rocks","type":10,"category":0,"actions":["Mine"],"coordinates":[[9988,10046]],"size":[1,1,523],"rotations":[0],"colors":[7122329,6396809,8434380,6990537]},
  {"id":56266,"name":"Pile of skulls","type":10,"category":0,"actions":[],"coordinates":[[10050,10144]],"size":[4,2,523],"rotations":[3],"colors":[7122329,6396809,8434380,6990537]},
  {"id":56324,"name":"Skulls","type":10,"category":0,"actions":[],"coordinates":[[10056,10138],[10056,10094],[10160,10098]],"size":[1,1,523],"rotations":[0,0,0],"colors":[7122329,6396809,8434380,6990537]},
  {"id":56322,"name":"Pillar","type":10,"category":0,"actions":[],"coordinates":[[10068,10078],[10148,10078]],"size":[3,3,523],"rotations":[0,0],"colors":[7122329,6396809,8434380,6990537]},
  {"id":56321,"name":"Pillar","type":10,"category":0,"actions":[],"coordinates":[[10072,10066],[10144,10066]],"size":[3,3,523],"rotations":[0,0],"colors":[7122329,6396809,8434380,6990537]},
  {"id":56320,"name":"Pillar","type":10,"category":0,"actions":[],"coordinates":[[10076,10054],[10140,10054]],"size":[3,3,523],"rotations":[0,0],"colors":[7122329,6396809,8434380,6990537]},
  {"id":56319,"name":"Pillar","type":11,"category":0,"actions":[],"coordinates":[[10088,10046],[10128,10046]],"size":[3,3,523],"rotations":[0,0],"colors":[7122329,6396809,8434380,6990537]},
  {"id":56327,"name":"Fire","type":10,"category":0,"actions":[],"coordinates":[[10088,10062],[10128,10062]],"size":[1,1,523],"rotations":[0,0],"colors":[7122329,6396809,8434380,6990537]},
  {"id":56265,"name":"Yama's throne","type":10,"category":0,"actions":[],"coordinates":[[10108,10062]],"size":[9,5,523],"rotations":[0],"colors":[7122329,6396809,8434380,6990537]},
  {"id":56326,"name":"Fire","type":10,"category":0,"actions":[],"coordinates":[[10098,10048],[10118,10048]],"size":[2,2,523],"rotations":[0,0],"colors":[7122329,6396809,8434380,6990537]},
  {"id":56248,"name":"Stone pedestal","type":10,"category":0,"actions":[],"coordinates":[[10100,10222],[10116,10222]],"size":[1,1,523],"rotations":[0,0],"colors":[7122329,6396809,8434380,6990537]},
  {"id":56328,"name":"Fire","type":10,"category":0,"actions":[],"coordinates":[[10108,10042]],"size":[3,3,523],"rotations":[0],"colors":[7122329,6396809,8434380,6990537]},
  {"id":56273,"name":"Pile of skulls","type":10,"category":0,"actions":[],"coordinates":[[10158,10124]],"size":[4,2,523],"rotations":[3],"colors":[7122329,6396809,8434380,6990537]}
]