[
  {"id":57634,"name":"Entry","type":10,"category":0,"actions":[],"coordinates":[[10036,12272],[10048,12196]],"size":[2,3,523],"rotations":[1,3],"colors":[7122329,6396809,8434380,6990537]},
  {"id":51377,"name":"Entrance","type":10,"category":0,"actions":["Pass-through"],"coordinates":[[10072,12110],[10148,12186],[10148,12038]],"size":[3,3,523],"rotations":[0,0,0],"colors":[7122329,6396809,8434380,6990537]},
  {"id":51311,"name":"Statue","type":11,"category":0,"actions":[],"coordinates":[[10128,12126]],"size":[3,3,523],"rotations":[0],"colors":[7122329,6396809,8434380,6990537]},
  {"id":51310,"name":"Statue","type":11,"category":0,"actions":[],"coordinates":[[10128,12094]],"size":[3,3,523],"rotations":[0],"colors":[7122329,6396809,8434380,6990537]},
  {"id":51346,"name":"Lunar Chest","type":10,"category":0,"actions":["Claim"],"coordinates":[[10148,12110]],"size":[3,3,523],"rotations":[0],"colors":[7122329,6396809,8434380,6990537]},
  {"id":51309,"name":"Statue","type":10,"category":0,"actions":[],"coordinates":[[10172,12110]],"size":[3,3,523],"rotations":[0],"colors":[7122329,6396809,8434380,6990537]}
]