[
  {"id":52579,"name":"Book","type":22,"category":0,"actions":[],"coordinates":[[9988,38690],[9992,38714]],"size":[1,1,523],"rotations":[0,0],"colors":[7122329,6396809,8434380,6990537]},
  {"id":54722,"name":"Loose rocks","type":22,"category":0,"actions":["Navigate"],"coordinates":[[9992,38738]],"size":[1,1,523],"rotations":[0],"colors":[7122329,6396809,8434380,6990537]},
  {"id":54990,"name":"Tree","type":10,"category":0,"actions":[],"coordinates":[[9996,38710],[9996,38682]],"size":[1,1,523],"rotations":[0,0],"colors":[7122329,6396809,8434380,6990537]},
  {"id":1393,"name":"Plant","type":10,"category":0,"actions":[],"coordinates":[[10000,38746],[10000,38666],[10012,38738]],"size":[1,1,523],"rotations":[0,0,0],"colors":[7122329,6396809,8434380,6990537]},
  {"id":1391,"name":"Plant","type":10,"category":0,"actions":[],"coordinates":[[10002,38672]],"size":[2,2,523],"rotations":[0],"colors":[7122329,6396809,8434380,6990537]},
  {"id":54715,"name":"Backstage entrance","type":10,"category":0,"actions":["Enter"],"coordinates":[[10008,38720]],"size":[2,3,523],"rotations":[3],"colors":[7122329,6396809,8434380,6990537]}
]