[
  {"id":11428,"name":"Rockslide","type":10,"category":0,"actions":[],"coordinates":[[9986,35076],[9994,35084],[10002,35084],[10002,35076],[10094,35112],[10094,35096],[10094,35088],[10102,35112],[10118,35108],[10118,35100],[10186,35080],[10202,35072],[10226,35088],[10234,35072],[10238,35084]],"size":[2,2,523],"rotations":[0,0,0,0,0,0,0,0,0,0,0,0,0,0,0],"colors":[7122329,6396809,8434380,6990537]},
  {"id":11365,"name":"Iron rocks","type":10,"category":218,"actions":["Mine"],"coordinates":[[9992,35314]],"size":[1,1,523],"rotations":[0],"colors":[7122329,6396809,8434380,6990537]},
  {"id":11427,"name":"Rockslide","type":10,"category":0,"actions":[],"coordinates":[[9994,35076],[10190,35120],[10190,35112]],"size":[2,2,523],"rotations":[0,0,0],"colors":[7122329,6396809,8434380,6990537]},
  {"id":11366,"name":"Coal rocks","type":10,"category":200,"actions":["Mine"],"coordinates":[[9996,35322],[10004,35302],[10012,35310]],"size":[1,1,523],"rotations":[0,0,0],"colors":[7122329,6396809,8434380,6990537]},
  {"id":11364,"name":"Iron rocks","type":10,"category":218,"actions":["Mine"],"coordinates":[[9996,35318],[9996,35310]],"size":[1,1,523],"rotations":[0,0],"colors":[7122329,6396809,8434380,6990537]},
  {"id":11372,"name":"Mithril rocks","type":10,"category":252,"actions":["Mine"],"coordinates":[[10004,35314]],"size":[1,1,523],"rotations":[0],"colors":[7122329,6396809,8434380,6990537]},
  {"id":11367,"name":"Coal rocks","type":10,"category":200,"actions":["Mine"],"coordinates":[[10008,35326],[10012,35314],[10012,35306]],"size":[1,1,523],"rotations":[0,0,0],"colors":[7122329,6396809,8434380,6990537]},
  {"id":28521,"name":"Sleeping bag","type":10,"category":0,"actions":[],"coordinates":[[10034,35112],[10038,35112]],"size":[2,2,523],"rotations":[0,0],"colors":[7122329,6396809,8434380,6990537]},
  {"id":28538,"name":"Sink","type":10,"category":175,"actions":[],"coordinates":[[10034,35086]],"size":[2,1,523],"rotations":[2],"colors":[7122329,6396809,8434380,6990537]},
  {"id":28535,"name":"Drawers","type":10,"category":0,"actions":[],"coordinates":[[10040,35086]],"size":[1,1,523],"rotations":[0],"colors":[7122329,6396809,8434380,6990537]},
  {"id":28479,"name":"Door","type":0,"category":908,"actions":["Open"],"coordinates":[[10052,35094],[10148,35102]],"size":[1,1,523],"rotations":[0,0],"colors":[7122329,6396809,8434380,6990537]},
  {"id":11431,"name":"Rockslide","type":10,"category":0,"actions":[],"coordinates":[[10074,35084],[10082,35084],[10106,35084],[10114,35084]],"size":[2,2,523],"rotations":[0,0,0,0],"colors":[7122329,6396809,8434380,6990537]},
  {"id":28562,"name":"Lovakite furnace","type":10,"category":0,"actions":["Smelt"],"coordinates":[[10112,35182]],"size":[5,5,523],"rotations":[0],"colors":[7122329,6396809,8434380,6990537]},
  {"id":28528,"name":"Velvet stool","type":10,"category":0,"actions":[],"coordinates":[[10152,35082],[10156,35090],[10160,35086]],"size":[1,1,523],"rotations":[0,0,0],"colors":[7122329,6396809,8434380,6990537]},
  {"id":28524,"name":"Work table","type":10,"category":157,"actions":[],"coordinates":[[10158,35108],[10170,35108]],"size":[2,2,523],"rotations":[0,0],"colors":[7122329,6396809,8434380,6990537]},
  {"id":28525,"name":"Small table","type":10,"category":155,"actions":[],"coordinates":[[10156,35086]],"size":[1,1,523],"rotations":[0],"colors":[7122329,6396809,8434380,6990537]},
  {"id":28527,"name":"Velvet stool","type":11,"category":0,"actions":[],"coordinates":[[10168,35102]],"size":[1,1,523],"rotations":[0],"colors":[7122329,6396809,8434380,6990537]},
  {"id":28539,"name":"Metal ladder","type":10,"category":664,"actions":["Climb"],"coordinates":[[10168,35086]],"size":[1,1,523],"rotations":[0],"colors":[7122329,6396809,8434380,6990537]},
  {"id":28529,"name":"Chair","type":11,"category":0,"actions":[],"coordinates":[[10172,35102]],"size":[1,1,523],"rotations":[0],"colors":[7122329,6396809,8434380,6990537]},
  {"id":28560,"name":"Armour stand","type":10,"category":0,"actions":[],"coordinates":[[10176,35086]],"size":[1,1,523],"rotations":[0],"colors":[7122329,6396809,8434380,6990537]},
  {"id":28559,"name":"Armour stand","type":10,"category":0,"actions":[],"coordinates":[[10176,35082]],"size":[1,1,523],"rotations":[0],"colors":[7122329,6396809,8434380,6990537]},
  {"id":11426,"name":"Rockslide","type":10,"category":0,"actions":[],"coordinates":[[10182,35120],[10186,35104],[10186,35088],[10190,35096],[10198,35084],[10206,35088],[10214,35084],[10222,35080],[10230,35096]],"size":[2,2,523],"rotations":[0,0,0,0,0,0,0,0,0],"colors":[7122329,6396809,8434380,6990537]},
  {"id":28564,"name":"Ornamental anvil","type":11,"category":0,"actions":[],"coordinates":[[10200,35098]],"size":[1,1,523],"rotations":[0],"colors":[7122329,6396809,8434380,6990537]},
  {"id":28563,"name":"Anvil","type":10,"category":772,"actions":["Smith"],"coordinates":[[10204,35114],[10212,35102],[10216,35114]],"size":[1,1,523],"rotations":[0,0,0],"colors":[7122329,6396809,8434380,6990537]}
]