[
  {"id":1332,"name":"Tree","type":10,"category":189,"actions":["Chop down"],"coordinates":[[9988,34758],[10008,34734],[10160,34774],[10164,34734]],"size":[3,3,523],"rotations":[0,0,0,0],"colors":[7122329,6396809,8434380,6990537]},
  {"id":1330,"name":"Tree","type":10,"category":189,"actions":["Chop down"],"coordinates":[[10128,34738],[10168,34758]],"size":[3,3,523],"rotations":[0,0],"colors":[7122329,6396809,8434380,6990537]},
  {"id":1331,"name":"Tree","type":10,"category":189,"actions":["Chop down"],"coordinates":[[10132,34778],[10148,34726]],"size":[3,3,523],"rotations":[0,0],"colors":[7122329,6396809,8434380,6990537]}
]