[
  {"id":54578,"name":"Ice chunks","type":10,"category":0,"actions":[],"coordinates":[[10390,11984],[10410,11808],[10470,11844],[10474,11936]],"size":[2,2,523],"rotations":[0,0,0,0],"colors":[7122329,6396809,8434380,6990537]},
  {"id":54581,"name":"Ice chunks","type":10,"category":0,"actions":[],"coordinates":[[10414,11816],[10446,11948]],"size":[2,2,523],"rotations":[0,0],"colors":[7122329,6396809,8434380,6990537]},
  {"id":11377,"name":"Runite rocks","type":10,"category":202,"actions":["Mine"],"coordinates":[[10420,11794]],"size":[1,1,523],"rotations":[0],"colors":[7122329,6396809,8434380,6990537]},
  {"id":11376,"name":"Runite rocks","type":10,"category":202,"actions":["Mine"],"coordinates":[[10424,11790]],"size":[1,1,523],"rotations":[0],"colors":[7122329,6396809,8434380,6990537]},
  {"id":54572,"name":"Ice chunks","type":10,"category":0,"actions":[],"coordinates":[[10438,11792],[10490,11828]],"size":[2,2,523],"rotations":[0,0],"colors":[7122329,6396809,8434380,6990537]},
  {"id":54579,"name":"Ice chunks","type":10,"category":0,"actions":[],"coordinates":[[10442,11956]],"size":[2,2,523],"rotations":[0],"colors":[7122329,6396809,8434380,6990537]},
  {"id":54574,"name":"Ice chunks","type":10,"category":0,"actions":[],"coordinates":[[10446,11792],[10494,11832]],"size":[2,2,523],"rotations":[0,0],"colors":[7122329,6396809,8434380,6990537]}
]