[
  {"id":11426,"name":"Rockslide","type":10,"category":0,"actions":[],"coordinates":[[10242,35076],[10246,35104],[10254,35092],[10270,35072],[10290,35084]],"size":[2,2,523],"rotations":[0,0,0,0,0],"colors":[7122329,6396809,8434380,6990537]},
  {"id":28479,"name":"Door","type":0,"category":908,"actions":["Open"],"coordinates":[[10244,35198],[10264,35298],[10304,35302],[10308,35234]],"size":[1,1,523],"rotations":[0,0,0,0],"colors":[7122329,6396809,8434380,6990537]},
  {"id":11428,"name":"Rockslide","type":10,"category":0,"actions":[],"coordinates":[[10246,35088],[10254,35104],[10282,35088],[10290,35104]],"size":[2,2,523],"rotations":[0,0,0,0],"colors":[7122329,6396809,8434380,6990537]},
  {"id":11427,"name":"Rockslide","type":10,"category":0,"actions":[],"coordinates":[[10250,35080],[10270,35096],[10282,35072],[10294,35096],[10310,35080]],"size":[2,2,523],"rotations":[0,0,0,0,0],"colors":[7122329,6396809,8434380,6990537]},
  {"id":28536,"name":"Drawers","type":10,"category":0,"actions":[],"coordinates":[[10256,35308]],"size":[2,1,523],"rotations":[3],"colors":[7122329,6396809,8434380,6990537]},
  {"id":28535,"name":"Drawers","type":10,"category":0,"actions":[],"coordinates":[[10256,35302],[10288,35210],[10288,35186]],"size":[1,1,523],"rotations":[0,0,0],"colors":[7122329,6396809,8434380,6990537]},
  {"id":28567,"name":"Church pew","type":10,"category":0,"actions":[],"coordinates":[[10256,35206],[10256,35190],[10264,35206],[10264,35190],[10272,35206],[10272,35190]],"size":[3,1,523],"rotations":[3,3,3,3,3,3],"colors":[7122329,6396809,8434380,6990537]},
  {"id":11431,"name":"Rockslide","type":10,"category":0,"actions":[],"coordinates":[[10258,35084],[10274,35080],[10282,35104],[10294,35076],[10302,35088],[10318,35072]],"size":[2,2,523],"rotations":[0,0,0,0,0,0],"colors":[7122329,6396809,8434380,6990537]},
  {"id":28526,"name":"Wheely table","type":10,"category":155,"actions":[],"coordinates":[[10272,35302]],"size":[1,1,523],"rotations":[0],"colors":[7122329,6396809,8434380,6990537]},
  {"id":28539,"name":"Metal ladder","type":10,"category":664,"actions":["Climb"],"coordinates":[[10280,35310],[10324,35254],[10328,35286]],"size":[1,1,523],"rotations":[0,0,0],"colors":[7122329,6396809,8434380,6990537]},
  {"id":28538,"name":"Sink","type":10,"category":175,"actions":[],"coordinates":[[10282,35302],[10308,35308]],"size":[2,1,523],"rotations":[0,3],"colors":[7122329,6396809,8434380,6990537]},
  {"id":28566,"name":"Altar","type":10,"category":897,"actions":["Pray"],"coordinates":[[10284,35198]],"size":[3,1,523],"rotations":[1],"colors":[7122329,6396809,8434380,6990537]},
  {"id":28559,"name":"Armour stand","type":10,"category":0,"actions":[],"coordinates":[[10300,35254],[10304,35254]],"size":[1,1,523],"rotations":[0,0],"colors":[7122329,6396809,8434380,6990537]},
  {"id":28525,"name":"Small table","type":10,"category":155,"actions":[],"coordinates":[[10300,35246]],"size":[1,1,523],"rotations":[0],"colors":[7122329,6396809,8434380,6990537]},
  {"id":28528,"name":"Velvet stool","type":10,"category":0,"actions":[],"coordinates":[[10304,35246],[10320,35250],[10320,35246]],"size":[1,1,523],"rotations":[0,0,0],"colors":[7122329,6396809,8434380,6990537]},
  {"id":28537,"name":"Drawers","type":10,"category":0,"actions":[],"coordinates":[[10308,35284]],"size":[2,1,523],"rotations":[3],"colors":[7122329,6396809,8434380,6990537]},
  {"id":28530,"name":"Wooden chair","type":10,"category":0,"actions":[],"coordinates":[[10320,35310],[10320,35302],[10324,35298],[10332,35298]],"size":[1,1,523],"rotations":[0,0,0,0],"colors":[7122329,6396809,8434380,6990537]},
  {"id":28531,"name":"Velvet round chair","type":10,"category":0,"actions":[],"coordinates":[[10320,35282],[10328,35282]],"size":[1,1,523],"rotations":[0,0],"colors":[7122329,6396809,8434380,6990537]},
  {"id":28564,"name":"Ornamental anvil","type":10,"category":0,"actions":[],"coordinates":[[10320,35238]],"size":[1,1,523],"rotations":[0],"colors":[7122329,6396809,8434380,6990537]},
  {"id":28523,"name":"Table","type":10,"category":154,"actions":[],"coordinates":[[10328,35306]],"size":[3,3,523],"rotations":[0],"colors":[7122329,6396809,8434380,6990537]},
  {"id":28524,"name":"Work table","type":10,"category":157,"actions":[],"coordinates":[[10326,35248]],"size":[2,2,523],"rotations":[0],"colors":[7122329,6396809,8434380,6990537]},
  {"id":10354,"name":"Boulder","type":22,"category":0,"actions":[],"coordinates":[[10348,35266]],"size":[1,1,523],"rotations":[0],"colors":[7122329,6396809,8434380,6990537]},
  {"id":28363,"name":"Table","type":10,"category":154,"actions":[],"coordinates":[[10354,35152]],"size":[6,2,523],"rotations":[1],"colors":[7122329,6396809,8434380,6990537]},
  {"id":28367,"name":"Table","type":10,"category":154,"actions":[],"coordinates":[[10370,35164]],"size":[2,2,523],"rotations":[0],"colors":[7122329,6396809,8434380,6990537]},
  {"id":28365,"name":"Table","type":10,"category":154,"actions":[],"coordinates":[[10370,35140],[10434,35172],[10474,35140]],"size":[2,2,523],"rotations":[0,0,0],"colors":[7122329,6396809,8434380,6990537]},
  {"id":28368,"name":"Table","type":10,"category":154,"actions":[],"coordinates":[[10378,35188],[10406,35124]],"size":[2,2,523],"rotations":[0,0],"colors":[7122329,6396809,8434380,6990537]},
  {"id":28411,"name":"Table","type":10,"category":154,"actions":[],"coordinates":[[10376,35130]],"size":[3,1,523],"rotations":[3],"colors":[7122329,6396809,8434380,6990537]},
  {"id":28366,"name":"Table","type":10,"category":154,"actions":[],"coordinates":[[10378,35116],[10406,35180],[10434,35132],[10474,35164]],"size":[2,2,523],"rotations":[0,0,0,0],"colors":[7122329,6396809,8434380,6990537]},
  {"id":28425,"name":"Shelf","type":10,"category":0,"actions":[],"coordinates":[[10388,35190],[10400,35218],[10452,35182]],"size":[1,1,523],"rotations":[0,0,0],"colors":[7122329,6396809,8434380,6990537]},
  {"id":28422,"name":"Shelf","type":10,"category":0,"actions":[],"coordinates":[[10388,35114],[10400,35214],[10416,35086],[10452,35130]],"size":[1,1,523],"rotations":[0,0,0,0],"colors":[7122329,6396809,8434380,6990537]},
  {"id":28426,"name":"Table","type":10,"category":154,"actions":[],"coordinates":[[10406,35164],[10426,35096]],"size":[6,2,523],"rotations":[2,3],"colors":[7122329,6396809,8434380,6990537]},
  {"id":28428,"name":"Table","type":10,"category":154,"actions":[],"coordinates":[[10406,35140]],"size":[6,2,523],"rotations":[2],"colors":[7122329,6396809,8434380,6990537]},
  {"id":28423,"name":"Shelf","type":10,"category":0,"actions":[],"coordinates":[[10400,35210],[10412,35086],[10452,35126]],"size":[1,1,523],"rotations":[0,0,0],"colors":[7122329,6396809,8434380,6990537]},
  {"id":28412,"name":"Table","type":10,"category":154,"actions":[],"coordinates":[[10400,35198]],"size":[3,1,523],"rotations":[1],"colors":[7122329,6396809,8434380,6990537]},
  {"id":28427,"name":"Table","type":10,"category":154,"actions":[],"coordinates":[[10402,35096]],"size":[6,2,523],"rotations":[3],"colors":[7122329,6396809,8434380,6990537]},
  {"id":28401,"name":"Table","type":10,"category":154,"actions":[],"coordinates":[[10412,35218]],"size":[3,1,523],"rotations":[0],"colors":[7122329,6396809,8434380,6990537]},
  {"id":33602,"name":"Bookshelf","type":10,"category":0,"actions":[],"coordinates":[[10428,35214]],"size":[1,1,523],"rotations":[0],"colors":[7122329,6396809,8434380,6990537]},
  {"id":33603,"name":"Bookshelf","type":10,"category":0,"actions":[],"coordinates":[[10428,35210]],"size":[1,1,523],"rotations":[0],"colors":[7122329,6396809,8434380,6990537]},
  {"id":33604,"name":"Bookshelf","type":10,"category":0,"actions":[],"coordinates":[[10428,35206]],"size":[1,1,523],"rotations":[0],"colors":[7122329,6396809,8434380,6990537]},
  {"id":33605,"name":"Bookshelf","type":10,"category":0,"actions":[],"coordinates":[[10428,35202]],"size":[1,1,523],"rotations":[0],"colors":[7122329,6396809,8434380,6990537]},
  {"id":33606,"name":"Bookshelf","type":10,"category":0,"actions":[],"coordinates":[[10428,35198]],"size":[1,1,523],"rotations":[0],"colors":[7122329,6396809,8434380,6990537]},
  {"id":33607,"name":"Bookshelf","type":10,"category":0,"actions":[],"coordinates":[[10428,35194]],"size":[1,1,523],"rotations":[0],"colors":[7122329,6396809,8434380,6990537]},
  {"id":30094,"name":"Bookshelf","type":10,"category":0,"actions":[],"coordinates":[[10432,35190]],"size":[1,1,523],"rotations":[0],"colors":[7122329,6396809,8434380,6990537]},
  {"id":33574,"name":"Stairs","type":10,"category":1295,"actions":["Climb"],"coordinates":[[10436,35156]],"size":[2,3,523],"rotations":[3],"colors":[7122329,6396809,8434380,6990537]},
  {"id":33575,"name":"Stairs","type":10,"category":1295,"actions":["Climb"],"coordinates":[[10436,35148]],"size":[2,3,523],"rotations":[3],"colors":[7122329,6396809,8434380,6990537]},
  {"id":28364,"name":"Table","type":10,"category":154,"actions":[],"coordinates":[[10442,35116]],"size":[6,2,523],"rotations":[0],"colors":[7122329,6396809,8434380,6990537]},
  {"id":30093,"name":"Bookshelf","type":10,"category":0,"actions":[],"coordinates":[[10436,35190]],"size":[1,1,523],"rotations":[0],"colors":[7122329,6396809,8434380,6990537]},
  {"id":30092,"name":"Bookshelf","type":10,"category":0,"actions":[],"coordinates":[[10444,35190]],"size":[1,1,523],"rotations":[0],"colors":[7122329,6396809,8434380,6990537]},
  {"id":30091,"name":"Bookshelf","type":10,"category":0,"actions":[],"coordinates":[[10448,35190]],"size":[1,1,523],"rotations":[0],"colors":[7122329,6396809,8434380,6990537]},
  {"id":28402,"name":"Table","type":10,"category":154,"actions":[],"coordinates":[[10460,35138]],"size":[3,1,523],"rotations":[0],"colors":[7122329,6396809,8434380,6990537]},
  {"id":28424,"name":"Shelf","type":10,"category":0,"actions":[],"coordinates":[[10460,35166]],"size":[1,1,523],"rotations":[0],"colors":[7122329,6396809,8434380,6990537]},
  {"id":33572,"name":"Door","type":0,"category":0,"actions":["Open"],"coordinates":[[10480,35154]],"size":[1,1,523],"rotations":[0],"colors":[7122329,6396809,8434380,6990537]},
  {"id":33570,"name":"Door","type":0,"category":0,"actions":["Open"],"coordinates":[[10480,35150]],"size":[1,1,523],"rotations":[0],"colors":[7122329,6396809,8434380,6990537]}
]