[
  {"id":12589,"name":"Rock","type":10,"category":0,"actions":[],"coordinates":[[10664,11290],[10688,11310]],"size":[1,1,523],"rotations":[0,0],"colors":[7122329,6396809,8434380,6990537]},
  {"id":12590,"name":"Rocks","type":10,"category":0,"actions":[],"coordinates":[[10674,11300],[10682,11272]],"size":[2,2,523],"rotations":[0,0],"colors":[7122329,6396809,8434380,6990537]},
  {"id":12588,"name":"Rock","type":10,"category":0,"actions":[],"coordinates":[[10686,11324]],"size":[2,2,523],"rotations":[0],"colors":[7122329,6396809,8434380,6990537]}
]