[
  {"id":56511,"name":"Staircase","type":10,"category":0,"actions":["Climb-up"],"coordinates":[[10664,12460]],"size":[2,3,523],"rotations":[3],"colors":[7122329,6396809,8434380,6990537]},
  {"id":55049,"name":"Crates","type":10,"category":0,"actions":[],"coordinates":[[10668,12474],[10668,12470],[10668,12442],[10720,12474]],"size":[1,1,523],"rotations":[0,0,0,0],"colors":[7122329,6396809,8434380,6990537]},
  {"id":55048,"name":"Crate","type":11,"category":0,"actions":[],"coordinates":[[10668,12446],[10672,12474],[10672,12442]],"size":[1,1,523],"rotations":[0,0,0],"colors":[7122329,6396809,8434380,6990537]},
  {"id":56474,"name":"Crate","type":10,"category":0,"actions":["Search"],"coordinates":[[10676,12442]],"size":[1,1,523],"rotations":[0],"colors":[7122329,6396809,8434380,6990537]},
  {"id":55033,"name":"Table","type":10,"category":156,"actions":[],"coordinates":[[10682,12482]],"size":[2,1,523],"rotations":[0],"colors":[7122329,6396809,8434380,6990537]},
  {"id":56517,"name":"Bucket","type":10,"category":0,"actions":[],"coordinates":[[10688,12478]],"size":[1,1,523],"rotations":[0],"colors":[7122329,6396809,8434380,6990537]},
  {"id":56516,"name":"Chair","type":10,"category":0,"actions":[],"coordinates":[[10692,12478]],"size":[1,1,523],"rotations":[0],"colors":[7122329,6396809,8434380,6990537]},
  {"id":55050,"name":"Barrel","type":11,"category":0,"actions":[],"coordinates":[[10708,12482]],"size":[1,1,523],"rotations":[0],"colors":[7122329,6396809,8434380,6990537]},
  {"id":52577,"name":"Bookshelf","type":10,"category":205,"actions":[],"coordinates":[[10712,12442],[10716,12442]],"size":[1,1,523],"rotations":[0,0],"colors":[7122329,6396809,8434380,6990537]},
  {"id":52456,"name":"Chair","type":10,"category":0,"actions":[],"coordinates":[[10716,12458],[10720,12466]],"size":[1,1,523],"rotations":[0,0],"colors":[7122329,6396809,8434380,6990537]},
  {"id":52579,"name":"Book","type":22,"category":0,"actions":[],"coordinates":[[10716,12446]],"size":[1,1,523],"rotations":[0],"colors":[7122329,6396809,8434380,6990537]},
  {"id":52457,"name":"Table","type":10,"category":156,"actions":[],"coordinates":[[10720,12460]],"size":[2,1,523],"rotations":[3],"colors":[7122329,6396809,8434380,6990537]}
]