[
  {"id":28890,"name":"Rocks","type":10,"category":0,"actions":["Mine"],"coordinates":[[10654,10276]],"size":[2,2,523],"rotations":[0],"colors":[7122329,6396809,8434380,6990537]},
  {"id":42350,"name":"Vine","type":10,"category":0,"actions":["Climb-up"],"coordinates":[[10652,10242]],"size":[1,1,523],"rotations":[0],"colors":[7122329,6396809,8434380,6990537]},
  {"id":28892,"name":"Crack","type":10,"category":0,"actions":["Squeeze-through"],"coordinates":[[10680,10426],[10688,10398]],"size":[1,1,523],"rotations":[0,0],"colors":[7122329,6396809,8434380,6990537]},
  {"id":28896,"name":"Vine","type":10,"category":0,"actions":["Climb-up"],"coordinates":[[10696,10486]],"size":[1,1,523],"rotations":[0],"colors":[7122329,6396809,8434380,6990537]},
  {"id":27887,"name":"Dark crystal","type":10,"category":0,"actions":[],"coordinates":[[10734,10248]],"size":[2,2,523],"rotations":[0],"colors":[7122329,6396809,8434380,6990537]},
  {"id":28952,"name":"Inconspicuous hole (master)","type":10,"category":960,"actions":["Build"],"coordinates":[[10740,10250]],"size":[1,1,523],"rotations":[0],"colors":[7122329,6396809,8434380,6990537]},
  {"id":28900,"name":"Altar","type":10,"category":0,"actions":["Teleport"],"coordinates":[[10750,10240]],"size":[2,2,523],"rotations":[0],"colors":[7122329,6396809,8434380,6990537]}
]