[
  {"id":52624,"name":"Ladder","type":10,"category":664,"actions":["Climb-up"],"coordinates":[[10556,12130]],"size":[1,1,523],"rotations":[0],"colors":[7122329,6396809,8434380,6990537]},
  {"id":52622,"name":"Ladder","type":10,"category":664,"actions":["Climb-up"],"coordinates":[[10584,12174]],"size":[1,1,523],"rotations":[0],"colors":[7122329,6396809,8434380,6990537]},
  {"id":52439,"name":"Suit of Armour","type":10,"category":0,"actions":[],"coordinates":[[10604,12142]],"size":[1,1,523],"rotations":[0],"colors":[7122329,6396809,8434380,6990537]},
  {"id":52432,"name":"Crates","type":10,"category":0,"actions":[],"coordinates":[[10604,12122],[10672,12182],[10696,12142],[10712,12122]],"size":[1,1,523],"rotations":[0,0,0,0],"colors":[7122329,6396809,8434380,6990537]},
  {"id":8816,"name":"Bed","type":10,"category":0,"actions":[],"coordinates":[[10608,12140],[10608,12124],[10616,12140],[10616,12124],[10624,12140],[10624,12124],[10692,12124],[10700,12140],[10708,12124]],"size":[1,2,523],"rotations":[2,0,2,0,2,0,0,2,0],"colors":[7122329,6396809,8434380,6990537]},
  {"id":52444,"name":"Suit of Armour","type":10,"category":0,"actions":[],"coordinates":[[10612,12142]],"size":[1,1,523],"rotations":[0],"colors":[7122329,6396809,8434380,6990537]},
  {"id":52425,"name":"Barrel","type":10,"category":0,"actions":[],"coordinates":[[10612,12122],[10620,12142],[10628,12122],[10644,12182],[10688,12142],[10696,12122]],"size":[1,1,523],"rotations":[0,0,0,0,0,0],"colors":[7122329,6396809,8434380,6990537]},
  {"id":52431,"name":"Crate","type":10,"category":0,"actions":[],"coordinates":[[10620,12122],[10632,12142],[10688,12122],[10704,12142]],"size":[1,1,523],"rotations":[0,0,0,0],"colors":[7122329,6396809,8434380,6990537]},
  {"id":52445,"name":"Suit of Armour","type":10,"category":0,"actions":[],"coordinates":[[10628,12142]],"size":[1,1,523],"rotations":[0],"colors":[7122329,6396809,8434380,6990537]},
  {"id":52440,"name":"Suit of Armour","type":10,"category":0,"actions":[],"coordinates":[[10632,12122]],"size":[1,1,523],"rotations":[0],"colors":[7122329,6396809,8434380,6990537]},
  {"id":51426,"name":"Ancient fountainhead","type":10,"category":244,"actions":[],"coordinates":[[10646,12156],[10670,12156]],"size":[2,2,523],"rotations":[0,0],"colors":[7122329,6396809,8434380,6990537]},
  {"id":51877,"name":"Statue of Quoatlos","type":11,"category":0,"actions":[],"coordinates":[[10646,12120],[10670,12120],[10678,12224]],"size":[2,2,523],"rotations":[0,0,0],"colors":[7122329,6396809,8434380,6990537]},
  {"id":52429,"name":"Ale Barrel","type":10,"category":0,"actions":[],"coordinates":[[10650,12180],[10666,12180]],"size":[2,2,523],"rotations":[0,0],"colors":[7122329,6396809,8434380,6990537]},
  {"id":52436,"name":"Pillow","type":10,"category":0,"actions":[],"coordinates":[[10652,12134],[10652,12126],[10656,12138],[10656,12122],[10660,12138],[10660,12122],[10664,12134],[10664,12126]],"size":[1,1,523],"rotations":[0,0,0,0,0,0,0,0],"colors":[7122329,6396809,8434380,6990537]},
  {"id":52642,"name":"Staircase","type":10,"category":0,"actions":["Climb-up"],"coordinates":[[10658,12170]],"size":[2,3,523],"rotations":[2],"colors":[7122329,6396809,8434380,6990537]},
  {"id":51906,"name":"Brazier","type":10,"category":0,"actions":[],"coordinates":[[10658,12130]],"size":[2,3,523],"rotations":[2],"colors":[7122329,6396809,8434380,6990537]},
  {"id":52821,"name":"Gate","type":0,"category":0,"actions":["Open"],"coordinates":[[10680,12174]],"size":[1,1,523],"rotations":[0],"colors":[7122329,6396809,8434380,6990537]},
  {"id":52442,"name":"Suit of Armour","type":10,"category":0,"actions":[],"coordinates":[[10684,12142]],"size":[1,1,523],"rotations":[0],"colors":[7122329,6396809,8434380,6990537]},
  {"id":52443,"name":"Suit of Armour","type":10,"category":0,"actions":[],"coordinates":[[10684,12122]],"size":[1,1,523],"rotations":[0],"colors":[7122329,6396809,8434380,6990537]},
  {"id":8817,"name":"Bed","type":10,"category":0,"actions":[],"coordinates":[[10692,12140],[10700,12124],[10708,12140]],"size":[1,2,523],"rotations":[2,0,2],"colors":[7122329,6396809,8434380,6990537]},
  {"id":52441,"name":"Suit of Armour","type":10,"category":0,"actions":[],"coordinates":[[10704,12122]],"size":[1,1,523],"rotations":[0],"colors":[7122329,6396809,8434380,6990537]},
  {"id":52813,"name":"Chest","type":10,"category":0,"actions":["Open"],"coordinates":[[10712,12142]],"size":[1,1,523],"rotations":[0],"colors":[7122329,6396809,8434380,6990537]}
]