[
  {"id":31293,"name":"Medium Fossil Display","type":10,"category":1164,"actions":["Add to"],"coordinates":[[10520,30630]],"size":[1,1,523],"rotations":[0],"colors":[7122329,6396809,8434380,6990537]},
  {"id":31281,"name":"Medium Fossil Display","type":10,"category":1164,"actions":["Add to"],"coordinates":[[10520,30606]],"size":[1,1,523],"rotations":[0],"colors":[7122329,6396809,8434380,6990537]},
  {"id":31227,"name":"Medium Fossil Display","type":10,"category":1164,"actions":["Add to"],"coordinates":[[10520,30566]],"size":[1,1,523],"rotations":[0],"colors":[7122329,6396809,8434380,6990537]},
  {"id":31287,"name":"Medium Fossil Display","type":10,"category":1164,"actions":["Add to"],"coordinates":[[10528,30606]],"size":[1,1,523],"rotations":[0],"colors":[7122329,6396809,8434380,6990537]},
  {"id":31221,"name":"Medium Fossil Display","type":10,"category":1164,"actions":["Add to"],"coordinates":[[10536,30530]],"size":[1,1,523],"rotations":[0],"colors":[7122329,6396809,8434380,6990537]},
  {"id":31251,"name":"Medium Fossil Display","type":10,"category":1164,"actions":["Add to"],"coordinates":[[10536,30506]],"size":[1,1,523],"rotations":[0],"colors":[7122329,6396809,8434380,6990537]},
  {"id":31185,"name":"Small Fossil Display","type":10,"category":1164,"actions":["Add to"],"coordinates":[[10540,30630]],"size":[1,1,523],"rotations":[0],"colors":[7122329,6396809,8434380,6990537]},
  {"id":31173,"name":"Small Fossil Display","type":10,"category":1164,"actions":["Add to"],"coordinates":[[10540,30562]],"size":[1,1,523],"rotations":[0],"colors":[7122329,6396809,8434380,6990537]},
  {"id":31119,"name":"Plant Fossil Display","type":10,"category":1164,"actions":["Add to"],"coordinates":[[10548,30610]],"size":[1,1,523],"rotations":[0],"colors":[7122329,6396809,8434380,6990537]},
  {"id":31113,"name":"Plant Fossil Display","type":10,"category":1164,"actions":["Add to"],"coordinates":[[10548,30586]],"size":[1,1,523],"rotations":[0],"colors":[7122329,6396809,8434380,6990537]},
  {"id":31191,"name":"Small Fossil Display","type":10,"category":1164,"actions":["Add to"],"coordinates":[[10560,30630]],"size":[1,1,523],"rotations":[0],"colors":[7122329,6396809,8434380,6990537]},
  {"id":31179,"name":"Small Fossil Display","type":10,"category":1164,"actions":["Add to"],"coordinates":[[10560,30562]],"size":[1,1,523],"rotations":[0],"colors":[7122329,6396809,8434380,6990537]},
  {"id":31101,"name":"Large Fossil Display","type":10,"category":1164,"actions":["Add to"],"coordinates":[[10572,30522]],"size":[1,1,523],"rotations":[0],"colors":[7122329,6396809,8434380,6990537]},
  {"id":31089,"name":"Leviathan","type":10,"category":1164,"actions":[],"coordinates":[[10572,30522]],"size":[1,1,523],"rotations":[0],"colors":[7122329,6396809,8434380,6990537]},
  {"id":31161,"name":"Small Fossil Display","type":10,"category":1164,"actions":["Add to"],"coordinates":[[10572,30494]],"size":[1,1,523],"rotations":[0],"colors":[7122329,6396809,8434380,6990537]},
  {"id":31299,"name":"Viewer","type":10,"category":0,"actions":["View"],"coordinates":[[10584,30542],[10656,30542]],"size":[1,1,523],"rotations":[0,0],"colors":[7122329,6396809,8434380,6990537]},
  {"id":31095,"name":"Large Fossil Support","type":10,"category":1164,"actions":["Add to"],"coordinates":[[10588,30518]],"size":[1,1,523],"rotations":[0],"colors":[7122329,6396809,8434380,6990537]},
  {"id":31209,"name":"Small Fossil Display","type":10,"category":1164,"actions":["Add to"],"coordinates":[[10592,30494]],"size":[1,1,523],"rotations":[0],"colors":[7122329,6396809,8434380,6990537]},
  {"id":31107,"name":"Plant Fossil Display","type":10,"category":1164,"actions":["Add to"],"coordinates":[[10596,30550]],"size":[1,1,523],"rotations":[0],"colors":[7122329,6396809,8434380,6990537]},
  {"id":31077,"name":"Leviathan","type":10,"category":1164,"actions":[],"coordinates":[[10596,30526]],"size":[1,1,523],"rotations":[0],"colors":[7122329,6396809,8434380,6990537]},
  {"id":31083,"name":"Large Fossil Support","type":10,"category":1164,"actions":["Add to"],"coordinates":[[10604,30518]],"size":[1,1,523],"rotations":[0],"colors":[7122329,6396809,8434380,6990537]},
  {"id":30987,"name":"Fossil Storage","type":10,"category":1161,"actions":["Open"],"coordinates":[[10612,30598]],"size":[1,1,523],"rotations":[0],"colors":[7122329,6396809,8434380,6990537]},
  {"id":24427,"name":"Stairs","type":10,"category":0,"actions":["Walk-up"],"coordinates":[[10620,30594]],"size":[3,3,523],"rotations":[0],"colors":[7122329,6396809,8434380,6990537]},
  {"id":31149,"name":"Small Fossil Display","type":10,"category":1164,"actions":["Add to"],"coordinates":[[10616,30494]],"size":[1,1,523],"rotations":[0],"colors":[7122329,6396809,8434380,6990537]},
  {"id":31065,"name":"Leviathan","type":10,"category":1164,"actions":[],"coordinates":[[10620,30526]],"size":[1,1,523],"rotations":[0],"colors":[7122329,6396809,8434380,6990537]},
  {"id":31071,"name":"Large Fossil Support","type":10,"category":1164,"actions":["Add to"],"coordinates":[[10628,30518]],"size":[1,1,523],"rotations":[0],"colors":[7122329,6396809,8434380,6990537]},
  {"id":31269,"name":"Medium Fossil Display","type":10,"category":1164,"actions":["Add to"],"coordinates":[[10636,30550]],"size":[1,1,523],"rotations":[0],"colors":[7122329,6396809,8434380,6990537]},
  {"id":31137,"name":"Small Fossil Display","type":10,"category":1164,"actions":["Add to"],"coordinates":[[10636,30494]],"size":[1,1,523],"rotations":[0],"colors":[7122329,6396809,8434380,6990537]},
  {"id":31053,"name":"Leviathan","type":10,"category":1164,"actions":[],"coordinates":[[10644,30522]],"size":[1,1,523],"rotations":[0],"colors":[7122329,6396809,8434380,6990537]},
  {"id":31059,"name":"Large Fossil Support","type":10,"category":1164,"actions":["Add to"],"coordinates":[[10652,30518]],"size":[1,1,523],"rotations":[0],"colors":[7122329,6396809,8434380,6990537]},
  {"id":31143,"name":"Small Fossil Display","type":10,"category":1164,"actions":["Add to"],"coordinates":[[10660,30494]],"size":[1,1,523],"rotations":[0],"colors":[7122329,6396809,8434380,6990537]},
  {"id":31167,"name":"Small Fossil Display","type":10,"category":1164,"actions":["Add to"],"coordinates":[[10676,30630]],"size":[1,1,523],"rotations":[0],"colors":[7122329,6396809,8434380,6990537]},
  {"id":31197,"name":"Small Fossil Display","type":10,"category":1164,"actions":["Add to"],"coordinates":[[10676,30562]],"size":[1,1,523],"rotations":[0],"colors":[7122329,6396809,8434380,6990537]},
  {"id":31155,"name":"Small Fossil Display","type":10,"category":1164,"actions":["Add to"],"coordinates":[[10676,30530]],"size":[1,1,523],"rotations":[0],"colors":[7122329,6396809,8434380,6990537]},
  {"id":31275,"name":"Medium Fossil Display","type":10,"category":1164,"actions":["Add to"],"coordinates":[[10684,30610]],"size":[1,1,523],"rotations":[0],"colors":[7122329,6396809,8434380,6990537]},
  {"id":31263,"name":"Medium Fossil Display","type":10,"category":1164,"actions":["Add to"],"coordinates":[[10684,30586]],"size":[1,1,523],"rotations":[0],"colors":[7122329,6396809,8434380,6990537]},
  {"id":31257,"name":"Medium Fossil Display","type":10,"category":1164,"actions":["Add to"],"coordinates":[[10692,30506]],"size":[1,1,523],"rotations":[0],"colors":[7122329,6396809,8434380,6990537]},
  {"id":31215,"name":"Small Fossil Display","type":10,"category":1164,"actions":["Add to"],"coordinates":[[10696,30630]],"size":[1,1,523],"rotations":[0],"colors":[7122329,6396809,8434380,6990537]},
  {"id":31203,"name":"Small Fossil Display","type":10,"category":1164,"actions":["Add to"],"coordinates":[[10696,30562]],"size":[1,1,523],"rotations":[0],"colors":[7122329,6396809,8434380,6990537]},
  {"id":31233,"name":"Medium Fossil Display","type":10,"category":1164,"actions":["Add to"],"coordinates":[[10696,30530]],"size":[1,1,523],"rotations":[0],"colors":[7122329,6396809,8434380,6990537]},
  {"id":31131,"name":"Plant Fossil Display","type":10,"category":1164,"actions":["Add to"],"coordinates":[[10712,30630]],"size":[1,1,523],"rotations":[0],"colors":[7122329,6396809,8434380,6990537]},
  {"id":31245,"name":"Medium Fossil Display","type":10,"category":1164,"actions":["Add to"],"coordinates":[[10712,30610]],"size":[1,1,523],"rotations":[0],"colors":[7122329,6396809,8434380,6990537]},
  {"id":31239,"name":"Medium Fossil Display","type":10,"category":1164,"actions":["Add to"],"coordinates":[[10712,30586]],"size":[1,1,523],"rotations":[0],"colors":[7122329,6396809,8434380,6990537]},
  {"id":31125,"name":"Plant Fossil Display","type":10,"category":1164,"actions":["Add to"],"coordinates":[[10712,30566]],"size":[1,1,523],"rotations":[0],"colors":[7122329,6396809,8434380,6990537]}
]