[
  {"id":32212,"name":"Rough hewn steps","type":10,"category":0,"actions":["Climb-up"],"coordinates":[[10562,29136]],"size":[2,2,523],"rotations":[0],"colors":[7122329,6396809,8434380,6990537]},
  {"id":25277,"name":"Mighty torrent","type":10,"category":0,"actions":[],"coordinates":[[10632,28950],[10644,28950]],"size":[1,1,523],"rotations":[0,0],"colors":[7122329,6396809,8434380,6990537]},
  {"id":25276,"name":"Mighty torrent","type":10,"category":0,"actions":[],"coordinates":[[10640,28946]],"size":[1,1,523],"rotations":[0],"colors":[7122329,6396809,8434380,6990537]},
  {"id":25336,"name":"Stairs","type":10,"category":638,"actions":["Climb-up"],"coordinates":[[10666,28968]],"size":[2,2,523],"rotations":[0],"colors":[7122329,6396809,8434380,6990537]},
  {"id":25339,"name":"Stairs","type":10,"category":638,"actions":["Climb-up"],"coordinates":[[10696,29052]],"size":[1,2,523],"rotations":[0],"colors":[7122329,6396809,8434380,6990537]}
]