[
  {"id":51888,"name":"Statue of Atlazora","type":10,"category":0,"actions":[],"coordinates":[[10862,12176]],"size":[4,4,523],"rotations":[0],"colors":[7122329,6396809,8434380,6990537]},
  {"id":51898,"name":"Statue of Taur","type":10,"category":0,"actions":[],"coordinates":[[10864,12198]],"size":[3,3,523],"rotations":[0],"colors":[7122329,6396809,8434380,6990537]},
  {"id":51894,"name":"Statue of Dizana","type":10,"category":0,"actions":[],"coordinates":[[10864,12154]],"size":[3,3,523],"rotations":[0],"colors":[7122329,6396809,8434380,6990537]},
  {"id":51903,"name":"Banner","type":4,"category":0,"actions":[],"coordinates":[[10868,12206],[10868,12186],[10868,12166],[10868,12146],[10884,12210],[10884,12142],[10896,12210],[10896,12142],[10912,12206],[10912,12186],[10912,12166],[10912,12146]],"size":[1,1,523],"rotations":[0,0,0,0,0,0,0,0,0,0,0,0],"colors":[7122329,6396809,8434380,6990537]},
  {"id":51906,"name":"Brazier","type":10,"category":0,"actions":[],"coordinates":[[10876,12208],[10876,12188],[10876,12164],[10876,12144],[10904,12208],[10904,12188],[10904,12164],[10904,12144]],"size":[2,3,523],"rotations":[1,1,1,1,3,3,3,3],"colors":[7122329,6396809,8434380,6990537]},
  {"id":52644,"name":"Staircase","type":10,"category":0,"actions":[],"coordinates":[[10890,12134]],"size":[2,3,523],"rotations":[0],"colors":[7122329,6396809,8434380,6990537]},
  {"id":51891,"name":"Statue of Marhuitz","type":10,"category":0,"actions":[],"coordinates":[[10916,12198]],"size":[3,3,523],"rotations":[0],"colors":[7122329,6396809,8434380,6990537]},
  {"id":51879,"name":"Statue of Quoatlos","type":10,"category":0,"actions":[],"coordinates":[[10918,12176]],"size":[4,4,523],"rotations":[0],"colors":[7122329,6396809,8434380,6990537]},
  {"id":51883,"name":"Statue of Xerna","type":10,"category":0,"actions":[],"coordinates":[[10916,12154]],"size":[3,3,523],"rotations":[0],"colors":[7122329,6396809,8434380,6990537]}
]