[
  {"id":12590,"name":"Rocks","type":10,"category":0,"actions":[],"coordinates":[[10762,11168],[10890,11200]],"size":[2,2,523],"rotations":[0,0],"colors":[7122329,6396809,8434380,6990537]},
  {"id":31692,"name":"Tunnel entrance","type":10,"category":0,"actions":["Climb-down"],"coordinates":[[10782,11232]],"size":[2,2,523],"rotations":[0],"colors":[7122329,6396809,8434380,6990537]},
  {"id":12589,"name":"Rock","type":10,"category":0,"actions":[],"coordinates":[[10796,11162],[10844,11190],[10860,11186],[10908,11258],[10908,11218]],"size":[1,1,523],"rotations":[0,0,0,0,0],"colors":[7122329,6396809,8434380,6990537]},
  {"id":12588,"name":"Rock","type":10,"category":0,"actions":[],"coordinates":[[10826,11172]],"size":[2,2,523],"rotations":[0],"colors":[7122329,6396809,8434380,6990537]},
  {"id":31697,"name":"Rocks","type":10,"category":0,"actions":["Climb"],"coordinates":[[10848,11226]],"size":[1,1,523],"rotations":[0],"colors":[7122329,6396809,8434380,6990537]},
  {"id":31699,"name":"Stepping stone","type":22,"category":0,"actions":["Cross"],"coordinates":[[10912,11230],[10920,11230]],"size":[1,1,523],"rotations":[0,0],"colors":[7122329,6396809,8434380,6990537]},
  {"id":6299,"name":"Skeleton","type":10,"category":0,"actions":[],"coordinates":[[10916,11052]],"size":[2,1,523],"rotations":[3],"colors":[7122329,6396809,8434380,6990537]},
  {"id":31696,"name":"Crevice","type":0,"category":0,"actions":["Enter"],"coordinates":[[10940,11146]],"size":[1,1,523],"rotations":[0],"colors":[7122329,6396809,8434380,6990537]},
  {"id":31695,"name":"Crevice","type":0,"category":0,"actions":["Enter"],"coordinates":[[10940,11138]],"size":[1,1,523],"rotations":[0],"colors":[7122329,6396809,8434380,6990537]},
  {"id":6297,"name":"Skeleton","type":10,"category":0,"actions":[],"coordinates":[[10960,11186]],"size":[1,1,523],"rotations":[0],"colors":[7122329,6396809,8434380,6990537]}
]