[
  {"id":27886,"name":"Arcane crystal","type":10,"category":0,"actions":[],"coordinates":[[10754,35212],[10754,35176],[10754,35116],[10758,35192],[10770,35204],[10770,35160],[10770,35128],[10770,35112],[10774,35180],[10782,35084],[10786,35144],[10798,35128],[10802,35092],[10810,35152],[10810,35072],[10834,35092]],"size":[2,2,523],"rotations":[0,0,0,0,0,0,0,0,0,0,0,0,0,0,0,0],"colors":[7122329,6396809,8434380,6990537]},
  {"id":27882,"name":"Arcane crystal","type":10,"category":0,"actions":[],"coordinates":[[10760,35082],[10796,35166],[10820,35106]],"size":[3,3,523],"rotations":[0,0,0],"colors":[7122329,6396809,8434380,6990537]},
  {"id":7044,"name":"Buffers","type":10,"category":0,"actions":[],"coordinates":[[10768,35102]],"size":[1,1,523],"rotations":[0],"colors":[7122329,6396809,8434380,6990537]},
  {"id":8887,"name":"Track","type":22,"category":0,"actions":[],"coordinates":[[10772,35102],[10776,35102],[10780,35102]],"size":[1,1,523],"rotations":[0,0,0],"colors":[7122329,6396809,8434380,6990537]},
  {"id":28837,"name":"Control panel","type":10,"category":0,"actions":[],"coordinates":[[10772,35094]],"size":[1,1,523],"rotations":[0],"colors":[7122329,6396809,8434380,6990537]},
  {"id":28835,"name":"Minecart","type":10,"category":0,"actions":["Travel"],"coordinates":[[10776,35102]],"size":[1,1,523],"rotations":[0],"colors":[7122329,6396809,8434380,6990537]},
  {"id":28459,"name":"Door","type":0,"category":908,"actions":["Open"],"coordinates":[[10808,35294]],"size":[1,1,523],"rotations":[0],"colors":[7122329,6396809,8434380,6990537]},
  {"id":28461,"name":"Door","type":0,"category":909,"actions":["Open"],"coordinates":[[10808,35290]],"size":[1,1,523],"rotations":[0],"colors":[7122329,6396809,8434380,6990537]},
  {"id":28456,"name":"Door","type":0,"category":908,"actions":["Open"],"coordinates":[[10808,35222]],"size":[1,1,523],"rotations":[0],"colors":[7122329,6396809,8434380,6990537]},
  {"id":28462,"name":"Door","type":0,"category":909,"actions":["Open"],"coordinates":[[10808,35218]],"size":[1,1,523],"rotations":[0],"colors":[7122329,6396809,8434380,6990537]},
  {"id":27854,"name":"Stairs","type":10,"category":638,"actions":["Climb"],"coordinates":[[10816,35296],[10816,35224]],"size":[2,3,523],"rotations":[1,1],"colors":[7122329,6396809,8434380,6990537]},
  {"id":27853,"name":"Stairs","type":10,"category":638,"actions":["Climb"],"coordinates":[[10816,35288],[10816,35216]],"size":[2,3,523],"rotations":[1,1],"colors":[7122329,6396809,8434380,6990537]},
  {"id":27851,"name":"Stairs","type":10,"category":638,"actions":["Climb"],"coordinates":[[10868,35256]],"size":[2,3,523],"rotations":[3],"colors":[7122329,6396809,8434380,6990537]},
  {"id":27888,"name":"Blood crystal","type":10,"category":0,"actions":[],"coordinates":[[10882,35112],[10898,35080],[10910,35120],[10926,35148],[10950,35168]],"size":[2,2,523],"rotations":[0,0,0,0,0],"colors":[7122329,6396809,8434380,6990537]},
  {"id":27978,"name":"Blood Altar","type":10,"category":0,"actions":["Bind"],"coordinates":[[10962,35112]],"size":[4,4,523],"rotations":[0],"colors":[7122329,6396809,8434380,6990537]}
]