[
  {"id":31670,"name":"Stone Plinth","type":10,"category":0,"actions":[],"coordinates":[[10842,32132]],"size":[4,4,523],"rotations":[0],"colors":[7122329,6396809,8434380,6990537]},
  {"id":31676,"name":"Dusk","type":10,"category":0,"actions":[],"coordinates":[[10842,32132]],"size":[4,4,523],"rotations":[0],"colors":[7122329,6396809,8434380,6990537]},
  {"id":31674,"name":"Roof Exit","type":10,"category":0,"actions":["Escape","Quick-escape"],"coordinates":[[10882,32172]],"size":[4,4,523],"rotations":[0],"colors":[7122329,6396809,8434380,6990537]},
  {"id":31684,"name":"The Cloister Bell","type":10,"category":0,"actions":["Ring"],"coordinates":[[10876,32098]],"size":[1,1,523],"rotations":[0],"colors":[7122329,6396809,8434380,6990537]},
  {"id":31671,"name":"Stone Plinth","type":10,"category":0,"actions":[],"coordinates":[[10922,32132]],"size":[4,4,523],"rotations":[0],"colors":[7122329,6396809,8434380,6990537]},
  {"id":31677,"name":"Dawn","type":10,"category":0,"actions":[],"coordinates":[[10922,32132]],"size":[4,4,523],"rotations":[0],"colors":[7122329,6396809,8434380,6990537]}
]