[
  {"id":18463,"name":"Crate","type":10,"category":0,"actions":[],"coordinates":[[10758,27828],[10826,27696],[10842,27824],[10962,27776]],"size":[2,2,523],"rotations":[0,0,0,0],"colors":[7122329,6396809,8434380,6990537]},
  {"id":32316,"name":"Debris","type":22,"category":0,"actions":["Cross"],"coordinates":[[10760,27762],[10768,27670]],"size":[1,1,523],"rotations":[0,0],"colors":[7122329,6396809,8434380,6990537]},
  {"id":245,"name":"Ship's ladder","type":10,"category":0,"actions":["Climb-up"],"coordinates":[[10776,27770],[10792,27770]],"size":[1,1,523],"rotations":[0,0],"colors":[7122329,6396809,8434380,6990537]},
  {"id":46320,"name":"Paladin","type":10,"category":0,"actions":[],"coordinates":[[10778,27756]],"size":[2,2,523],"rotations":[0],"colors":[7122329,6396809,8434380,6990537]},
  {"id":821,"name":"Cannon","type":10,"category":0,"actions":[],"coordinates":[[10778,27750],[10778,27742],[10778,27734],[10790,27750],[10790,27742]],"size":[1,2,523],"rotations":[1,1,1,3,3],"colors":[7122329,6396809,8434380,6990537]},
  {"id":9534,"name":"Crate","type":10,"category":209,"actions":["Search"],"coordinates":[[10780,27786]],"size":[1,1,523],"rotations":[0],"colors":[7122329,6396809,8434380,6990537]},
  {"id":9521,"name":"Barrel","type":10,"category":0,"actions":[],"coordinates":[[10780,27766]],"size":[1,1,523],"rotations":[0],"colors":[7122329,6396809,8434380,6990537]},
  {"id":9519,"name":"Barrel","type":10,"category":0,"actions":[],"coordinates":[[10780,27738],[10780,27734],[10788,27786],[10788,27782]],"size":[1,1,523],"rotations":[0,0,0,0],"colors":[7122329,6396809,8434380,6990537]},
  {"id":25156,"name":"Fire","type":10,"category":0,"actions":[],"coordinates":[[10780,27738]],"size":[1,1,523],"rotations":[0],"colors":[7122329,6396809,8434380,6990537]},
  {"id":822,"name":"Cannonballs","type":10,"category":0,"actions":[],"coordinates":[[10780,27730],[10788,27754],[10788,27738],[10792,27730]],"size":[1,1,523],"rotations":[0,0,0,0],"colors":[7122329,6396809,8434380,6990537]},
  {"id":9535,"name":"Crates","type":10,"category":2307,"actions":["Search"],"coordinates":[[10784,27762]],"size":[1,1,523],"rotations":[0],"colors":[7122329,6396809,8434380,6990537]},
  {"id":31815,"name":"Paladin","type":10,"category":0,"actions":[],"coordinates":[[10786,27732]],"size":[2,2,523],"rotations":[0],"colors":[7122329,6396809,8434380,6990537]},
  {"id":260,"name":"Figurehead","type":10,"category":0,"actions":[],"coordinates":[[10784,27720]],"size":[2,1,523],"rotations":[1],"colors":[7122329,6396809,8434380,6990537]},
  {"id":18452,"name":"Wreck","type":10,"category":0,"actions":[],"coordinates":[[10796,27860],[10944,27816]],"size":[3,2,523],"rotations":[2,2],"colors":[7122329,6396809,8434380,6990537]},
  {"id":18462,"name":"Crate","type":10,"category":0,"actions":[],"coordinates":[[10814,27732],[10902,27844],[10914,27688]],"size":[2,2,523],"rotations":[0,0,0],"colors":[7122329,6396809,8434380,6990537]},
  {"id":32308,"name":"<col=ffff00>Fremennik warrior</col>","type":10,"category":0,"actions":[],"coordinates":[[10866,27790],[10866,27750],[10918,27742]],"size":[2,1,523],"rotations":[2,2,2],"colors":[7122329,6396809,8434380,6990537]},
  {"id":32309,"name":"Damaged Mast","type":10,"category":0,"actions":[],"coordinates":[[10876,27790],[10924,27734]],"size":[1,1,523],"rotations":[0,0],"colors":[7122329,6396809,8434380,6990537]},
  {"id":32304,"name":"Mast","type":10,"category":0,"actions":[],"coordinates":[[10876,27758]],"size":[1,1,523],"rotations":[0],"colors":[7122329,6396809,8434380,6990537]},
  {"id":32307,"name":"<col=ffff00>Fremennik warrior</col>","type":10,"category":0,"actions":[],"coordinates":[[10886,27782],[10886,27758],[10930,27726]],"size":[2,1,523],"rotations":[2,2,2],"colors":[7122329,6396809,8434380,6990537]}
]