[
  {"id":32304,"name":"Mast","type":10,"category":0,"actions":[],"coordinates":[[10840,27994],[10928,28054]],"size":[1,1,523],"rotations":[0,0],"colors":[7122329,6396809,8434380,6990537]},
  {"id":245,"name":"Ship's ladder","type":10,"category":0,"actions":["Climb-up"],"coordinates":[[10868,28118],[10884,28118]],"size":[1,1,523],"rotations":[0,0],"colors":[7122329,6396809,8434380,6990537]},
  {"id":9534,"name":"Crate","type":10,"category":209,"actions":["Search"],"coordinates":[[10872,28134]],"size":[1,1,523],"rotations":[0],"colors":[7122329,6396809,8434380,6990537]},
  {"id":9521,"name":"Barrel","type":10,"category":0,"actions":[],"coordinates":[[10872,28114]],"size":[1,1,523],"rotations":[0],"colors":[7122329,6396809,8434380,6990537]},
  {"id":9519,"name":"Barrel","type":10,"category":0,"actions":[],"coordinates":[[10872,28086],[10872,28082],[10880,28134],[10880,28130],[10880,28090]],"size":[1,1,523],"rotations":[0,0,0,0,0],"colors":[7122329,6396809,8434380,6990537]},
  {"id":9535,"name":"Crates","type":10,"category":2307,"actions":["Search"],"coordinates":[[10876,28110]],"size":[1,1,523],"rotations":[0],"colors":[7122329,6396809,8434380,6990537]},
  {"id":272,"name":"Ship's ladder","type":10,"category":0,"actions":["Climb-up"],"coordinates":[[10876,28094]],"size":[1,1,523],"rotations":[0],"colors":[7122329,6396809,8434380,6990537]},
  {"id":273,"name":"Ship's ladder","type":10,"category":0,"actions":["Climb-down"],"coordinates":[[10876,28094]],"size":[1,1,523],"rotations":[0],"colors":[7122329,6396809,8434380,6990537]},
  {"id":260,"name":"Figurehead","type":10,"category":0,"actions":[],"coordinates":[[10876,28068]],"size":[2,1,523],"rotations":[1],"colors":[7122329,6396809,8434380,6990537]}
]