[
  {"id":41425,"name":"Crates","type":10,"category":0,"actions":[],"coordinates":[[11076,10698]],"size":[1,1,523],"rotations":[0],"colors":[7122329,6396809,8434380,6990537]},
  {"id":41424,"name":"Crate","type":10,"category":0,"actions":[],"coordinates":[[11076,10694]],"size":[1,1,523],"rotations":[0],"colors":[7122329,6396809,8434380,6990537]},
  {"id":28932,"name":"Asgarnian Ale","type":11,"category":0,"actions":[],"coordinates":[[11076,10678]],"size":[1,1,523],"rotations":[0],"colors":[7122329,6396809,8434380,6990537]},
  {"id":27546,"name":"Stool","type":10,"category":0,"actions":[],"coordinates":[[11080,10686],[11088,10694],[11088,10682]],"size":[1,1,523],"rotations":[0,0,0],"colors":[7122329,6396809,8434380,6990537]},
  {"id":27544,"name":"Table","type":10,"category":157,"actions":[],"coordinates":[[11086,10688]],"size":[2,2,523],"rotations":[0],"colors":[7122329,6396809,8434380,6990537]},
  {"id":27535,"name":"Shelves","type":10,"category":0,"actions":[],"coordinates":[[11084,10678]],"size":[1,1,523],"rotations":[0],"colors":[7122329,6396809,8434380,6990537]},
  {"id":27521,"name":"Empty basket","type":11,"category":0,"actions":[],"coordinates":[[11092,10678],[11096,10678]],"size":[1,1,523],"rotations":[0,0],"colors":[7122329,6396809,8434380,6990537]},
  {"id":41428,"name":"Ladder","type":10,"category":0,"actions":["Climb-up"],"coordinates":[[11096,10698]],"size":[1,1,523],"rotations":[0],"colors":[7122329,6396809,8434380,6990537]},
  {"id":27540,"name":"Cupboard","type":10,"category":0,"actions":[],"coordinates":[[11096,10690]],"size":[1,1,523],"rotations":[0],"colors":[7122329,6396809,8434380,6990537]},
  {"id":27543,"name":"Pots","type":10,"category":0,"actions":[],"coordinates":[[11096,10682]],"size":[1,1,523],"rotations":[0],"colors":[7122329,6396809,8434380,6990537]}
]