[
  {"id":872,"name":"Large sewer pipe","type":10,"category":0,"actions":[],"coordinates":[[11012,9950],[11056,9838],[11056,9770],[11060,9966],[11072,9734],[11088,9898],[11088,9818],[11108,9910],[11108,9826],[11124,9954],[11124,9762],[11192,9954],[11220,9762],[11224,9974],[11240,9874],[11240,9794]],"size":[1,1,523],"rotations":[0,0,0,0,0,0,0,0,0,0,0,0,0,0,0,0],"colors":[7122329,6396809,8434380,6990537]},
  {"id":16003,"name":"Barrel","type":10,"category":0,"actions":[],"coordinates":[[11140,9922],[11144,9926],[11148,9882],[11180,9918]],"size":[1,1,523],"rotations":[0,0,0,0],"colors":[7122329,6396809,8434380,6990537]},
  {"id":18171,"name":"Washbasin","type":10,"category":0,"actions":[],"coordinates":[[11140,9888]],"size":[2,1,523],"rotations":[3],"colors":[7122329,6396809,8434380,6990537]},
  {"id":23062,"name":"Tent","type":11,"category":0,"actions":[],"coordinates":[[11144,9866],[11204,9918],[11204,9822],[11204,9802]],"size":[3,3,523],"rotations":[0,0,0,0],"colors":[7122329,6396809,8434380,6990537]},
  {"id":9519,"name":"Barrel","type":11,"category":0,"actions":[],"coordinates":[[11140,9834]],"size":[1,1,523],"rotations":[0],"colors":[7122329,6396809,8434380,6990537]},
  {"id":5351,"name":"Bar","type":10,"category":0,"actions":[],"coordinates":[[11144,9914],[11144,9906],[11144,9902]],"size":[1,1,523],"rotations":[0,0,0],"colors":[7122329,6396809,8434380,6990537]},
  {"id":5350,"name":"Bar pumps","type":10,"category":0,"actions":[],"coordinates":[[11144,9910]],"size":[1,1,523],"rotations":[0],"colors":[7122329,6396809,8434380,6990537]},
  {"id":31712,"name":"Fish stall","type":10,"category":0,"actions":["Steal-from"],"coordinates":[[11146,9848]],"size":[2,2,523],"rotations":[0],"colors":[7122329,6396809,8434380,6990537]},
  {"id":9520,"name":"Barrel","type":10,"category":0,"actions":[],"coordinates":[[11144,9842]],"size":[1,1,523],"rotations":[0],"colors":[7122329,6396809,8434380,6990537]},
  {"id":422,"name":"Bed","type":10,"category":0,"actions":[],"coordinates":[[11144,9824],[11168,9800],[11208,9840]],"size":[1,2,523],"rotations":[2,0,0],"colors":[7122329,6396809,8434380,6990537]},
  {"id":11491,"name":"Large Table","type":10,"category":156,"actions":[],"coordinates":[[11144,9804],[11154,9894],[11156,9908],[11168,9820]],"size":[2,1,523],"rotations":[1,2,1,1],"colors":[7122329,6396809,8434380,6990537]},
  {"id":9535,"name":"Crates","type":10,"category":2307,"actions":["Search"],"coordinates":[[11148,9830],[11196,9834]],"size":[1,1,523],"rotations":[0,0],"colors":[7122329,6396809,8434380,6990537]},
  {"id":9534,"name":"Crate","type":11,"category":209,"actions":["Search"],"coordinates":[[11148,9794]],"size":[1,1,523],"rotations":[0],"colors":[7122329,6396809,8434380,6990537]},
  {"id":27724,"name":"Range","type":10,"category":687,"actions":["Cook"],"coordinates":[[11156,9882]],"size":[1,1,523],"rotations":[0],"colors":[7122329,6396809,8434380,6990537]},
  {"id":31709,"name":"Doorway","type":0,"category":0,"actions":["Go-through"],"coordinates":[[11156,9834]],"size":[1,1,523],"rotations":[0],"colors":[7122329,6396809,8434380,6990537]},
  {"id":2097,"name":"Anvil","type":10,"category":772,"actions":["Smith"],"coordinates":[[11160,9798]],"size":[1,1,523],"rotations":[0],"colors":[7122329,6396809,8434380,6990537]},
  {"id":23061,"name":"Tent","type":10,"category":0,"actions":[],"coordinates":[[11186,9918],[11190,9798],[11202,9866]],"size":[2,3,523],"rotations":[0,2,2],"colors":[7122329,6396809,8434380,6990537]},
  {"id":3769,"name":"Fire","type":10,"category":152,"actions":[],"coordinates":[[11186,9888],[11190,9816]],"size":[2,2,523],"rotations":[0,0],"colors":[7122329,6396809,8434380,6990537]},
  {"id":10498,"name":"Warehouse shelves","type":10,"category":0,"actions":[],"coordinates":[[11196,9850]],"size":[1,1,523],"rotations":[0],"colors":[7122329,6396809,8434380,6990537]},
  {"id":10495,"name":"Warehouse shelves","type":10,"category":0,"actions":[],"coordinates":[[11200,9850]],"size":[1,1,523],"rotations":[0],"colors":[7122329,6396809,8434380,6990537]},
  {"id":26797,"name":"Poll booth","type":10,"category":761,"actions":["Use"],"coordinates":[[11200,9834]],"size":[1,1,523],"rotations":[0],"colors":[7122329,6396809,8434380,6990537]},
  {"id":10497,"name":"Warehouse shelves","type":10,"category":0,"actions":[],"coordinates":[[11204,9850]],"size":[1,1,523],"rotations":[0],"colors":[7122329,6396809,8434380,6990537]}
]