[
  {"id":27648,"name":"Post","type":10,"category":0,"actions":[],"coordinates":[[11048,35306],[11048,35294],[11060,35306],[11060,35294]],"size":[1,1,523],"rotations":[0,0,0,0],"colors":[7122329,6396809,8434380,6990537]},
  {"id":27884,"name":"Blood crystal","type":11,"category":0,"actions":[],"coordinates":[[11060,35090],[11096,35130]],"size":[3,3,523],"rotations":[0,0],"colors":[7122329,6396809,8434380,6990537]},
  {"id":27769,"name":"Broken lobster trap","type":10,"category":0,"actions":[],"coordinates":[[11072,35282],[11172,35290]],"size":[1,1,523],"rotations":[0,0],"colors":[7122329,6396809,8434380,6990537]},
  {"id":27766,"name":"Broken boat","type":11,"category":0,"actions":[],"coordinates":[[11094,35282]],"size":[2,3,523],"rotations":[2],"colors":[7122329,6396809,8434380,6990537]},
  {"id":27676,"name":"Tin bath","type":10,"category":0,"actions":[],"coordinates":[[11112,35324]],"size":[2,1,523],"rotations":[1],"colors":[7122329,6396809,8434380,6990537]},
  {"id":27707,"name":"Sink","type":10,"category":175,"actions":[],"coordinates":[[11112,35312]],"size":[2,1,523],"rotations":[3],"colors":[7122329,6396809,8434380,6990537]},
  {"id":27634,"name":"Ladder","type":10,"category":664,"actions":["Climb"],"coordinates":[[11112,35302]],"size":[1,1,523],"rotations":[0],"colors":[7122329,6396809,8434380,6990537]},
  {"id":11428,"name":"Rockslide","type":10,"category":0,"actions":[],"coordinates":[[11114,35072],[11122,35076],[11130,35080],[11130,35072],[11138,35084],[11138,35076],[11146,35084],[11154,35084],[11154,35076],[11170,35088],[11186,35088],[11194,35084]],"size":[2,2,523],"rotations":[0,0,0,0,0,0,0,0,0,0,0,0],"colors":[7122329,6396809,8434380,6990537]},
  {"id":27678,"name":"Stool","type":11,"category":0,"actions":[],"coordinates":[[11116,35322],[11240,35322]],"size":[1,1,523],"rotations":[0,0],"colors":[7122329,6396809,8434380,6990537]},
  {"id":27685,"name":"Table","type":10,"category":169,"actions":[],"coordinates":[[11122,35302],[11222,35326]],"size":[1,2,523],"rotations":[3,1],"colors":[7122329,6396809,8434380,6990537]},
  {"id":21361,"name":"Smashed chair","type":11,"category":0,"actions":[],"coordinates":[[11120,35222]],"size":[1,1,523],"rotations":[0],"colors":[7122329,6396809,8434380,6990537]},
  {"id":27755,"name":"Crate","type":10,"category":0,"actions":[],"coordinates":[[11124,35322],[11220,35306]],"size":[1,1,523],"rotations":[0,0],"colors":[7122329,6396809,8434380,6990537]},
  {"id":27724,"name":"Range","type":10,"category":687,"actions":["Cook"],"coordinates":[[11124,35314]],"size":[1,1,523],"rotations":[0],"colors":[7122329,6396809,8434380,6990537]},
  {"id":27684,"name":"Chair","type":11,"category":0,"actions":[],"coordinates":[[11124,35306]],"size":[1,1,523],"rotations":[0],"colors":[7122329,6396809,8434380,6990537]},
  {"id":27756,"name":"Crate","type":10,"category":0,"actions":[],"coordinates":[[11128,35326],[11128,35322]],"size":[1,1,523],"rotations":[0,0],"colors":[7122329,6396809,8434380,6990537]},
  {"id":5358,"name":"Skeleton","type":10,"category":0,"actions":[],"coordinates":[[11128,35226]],"size":[1,1,523],"rotations":[0],"colors":[7122329,6396809,8434380,6990537]},
  {"id":11431,"name":"Rockslide","type":10,"category":0,"actions":[],"coordinates":[[11146,35076],[11162,35088],[11162,35080],[11166,35072],[11170,35080],[11178,35092],[11178,35084]],"size":[2,2,523],"rotations":[0,0,0,0,0,0,0],"colors":[7122329,6396809,8434380,6990537]},
  {"id":27764,"name":"Broken boat","type":10,"category":0,"actions":[],"coordinates":[[11150,35306]],"size":[2,3,523],"rotations":[2],"colors":[7122329,6396809,8434380,6990537]},
  {"id":27765,"name":"Broken boat","type":11,"category":0,"actions":[],"coordinates":[[11174,35254],[11224,35292]],"size":[2,3,523],"rotations":[0,1],"colors":[7122329,6396809,8434380,6990537]},
  {"id":12593,"name":"Rockslide","type":10,"category":0,"actions":[],"coordinates":[[11178,35076],[11186,35080],[11194,35076],[11202,35076]],"size":[2,2,523],"rotations":[0,0,0,0],"colors":[7122329,6396809,8434380,6990537]},
  {"id":27768,"name":"Broken barrel","type":10,"category":0,"actions":[],"coordinates":[[11196,35290],[11260,35250]],"size":[1,1,523],"rotations":[0,0],"colors":[7122329,6396809,8434380,6990537]},
  {"id":27674,"name":"Drawers","type":10,"category":0,"actions":[],"coordinates":[[11228,35312]],"size":[1,2,523],"rotations":[2],"colors":[7122329,6396809,8434380,6990537]},
  {"id":27758,"name":"Barrel","type":10,"category":0,"actions":[],"coordinates":[[11228,35306]],"size":[1,1,523],"rotations":[0],"colors":[7122329,6396809,8434380,6990537]},
  {"id":27686,"name":"Table","type":10,"category":155,"actions":[],"coordinates":[[11236,35322]],"size":[1,1,523],"rotations":[0],"colors":[7122329,6396809,8434380,6990537]},
  {"id":41601,"name":"Gate","type":0,"category":0,"actions":[],"coordinates":[[11244,35318]],"size":[1,1,523],"rotations":[0],"colors":[7122329,6396809,8434380,6990537]}
]