[
  {"id":24580,"name":"Machine","type":10,"category":0,"actions":[],"coordinates":[[11040,30618]],"size":[1,3,523],"rotations":[1],"colors":[7122329,6396809,8434380,6990537]},
  {"id":24611,"name":"Plaque","type":10,"category":0,"actions":["Study"],"coordinates":[[11036,30602]],"size":[1,1,523],"rotations":[0],"colors":[7122329,6396809,8434380,6990537]},
  {"id":24578,"name":"Machine","type":10,"category":0,"actions":[],"coordinates":[[11040,30562]],"size":[1,3,523],"rotations":[3],"colors":[7122329,6396809,8434380,6990537]},
  {"id":24596,"name":"Button","type":10,"category":0,"actions":["Push"],"coordinates":[[11040,30602]],"size":[1,1,523],"rotations":[0],"colors":[7122329,6396809,8434380,6990537]},
  {"id":24594,"name":"Button","type":10,"category":0,"actions":["Push"],"coordinates":[[11040,30578]],"size":[1,1,523],"rotations":[0],"colors":[7122329,6396809,8434380,6990537]},
  {"id":24609,"name":"Plaque","type":10,"category":0,"actions":["Study"],"coordinates":[[11044,30578]],"size":[1,1,523],"rotations":[0],"colors":[7122329,6396809,8434380,6990537]},
  {"id":24574,"name":"Machine","type":10,"category":0,"actions":[],"coordinates":[[11062,30498]],"size":[1,4,523],"rotations":[3],"colors":[7122329,6396809,8434380,6990537]},
  {"id":24590,"name":"Button","type":10,"category":0,"actions":["Push"],"coordinates":[[11062,30518]],"size":[2,1,523],"rotations":[2],"colors":[7122329,6396809,8434380,6990537]},
  {"id":24581,"name":"Machine","type":10,"category":0,"actions":[],"coordinates":[[11068,30618]],"size":[1,3,523],"rotations":[1],"colors":[7122329,6396809,8434380,6990537]},
  {"id":24612,"name":"Plaque","type":10,"category":0,"actions":["Study"],"coordinates":[[11064,30602]],"size":[1,1,523],"rotations":[0],"colors":[7122329,6396809,8434380,6990537]},
  {"id":24579,"name":"Machine","type":10,"category":0,"actions":[],"coordinates":[[11068,30562]],"size":[1,3,523],"rotations":[3],"colors":[7122329,6396809,8434380,6990537]},
  {"id":24597,"name":"Button","type":10,"category":0,"actions":["Push"],"coordinates":[[11068,30602]],"size":[1,1,523],"rotations":[0],"colors":[7122329,6396809,8434380,6990537]},
  {"id":24595,"name":"Button","type":10,"category":0,"actions":["Push"],"coordinates":[[11068,30578]],"size":[1,1,523],"rotations":[0],"colors":[7122329,6396809,8434380,6990537]},
  {"id":24605,"name":"Plaque","type":10,"category":0,"actions":["Study"],"coordinates":[[11068,30518]],"size":[1,1,523],"rotations":[0],"colors":[7122329,6396809,8434380,6990537]},
  {"id":24610,"name":"Plaque","type":10,"category":0,"actions":["Study"],"coordinates":[[11072,30578]],"size":[1,1,523],"rotations":[0],"colors":[7122329,6396809,8434380,6990537]},
  {"id":24575,"name":"Machine","type":10,"category":0,"actions":[],"coordinates":[[11102,30494]],"size":[1,4,523],"rotations":[3],"colors":[7122329,6396809,8434380,6990537]},
  {"id":24586,"name":"Machine","type":10,"category":0,"actions":[],"coordinates":[[11100,30674]],"size":[1,3,523],"rotations":[2],"colors":[7122329,6396809,8434380,6990537]},
  {"id":24591,"name":"Button","type":10,"category":0,"actions":["Push"],"coordinates":[[11102,30518]],"size":[2,1,523],"rotations":[2],"colors":[7122329,6396809,8434380,6990537]},
  {"id":24606,"name":"Plaque","type":10,"category":0,"actions":["Study"],"coordinates":[[11108,30518]],"size":[1,1,523],"rotations":[0],"colors":[7122329,6396809,8434380,6990537]},
  {"id":24602,"name":"Button","type":10,"category":0,"actions":["Push"],"coordinates":[[11116,30674]],"size":[1,1,523],"rotations":[0],"colors":[7122329,6396809,8434380,6990537]},
  {"id":24617,"name":"Plaque","type":10,"category":0,"actions":["Study"],"coordinates":[[11116,30670]],"size":[1,1,523],"rotations":[0],"colors":[7122329,6396809,8434380,6990537]},
  {"id":24427,"name":"Stairs","type":10,"category":0,"actions":["Walk-up"],"coordinates":[[11132,30590]],"size":[3,3,523],"rotations":[0],"colors":[7122329,6396809,8434380,6990537]},
  {"id":24428,"name":"Stairs","type":10,"category":0,"actions":["Walk-down"],"coordinates":[[11132,30574]],"size":[3,3,523],"rotations":[0],"colors":[7122329,6396809,8434380,6990537]},
  {"id":24618,"name":"Plaque","type":10,"category":0,"actions":["Study"],"coordinates":[[11144,30678]],"size":[1,1,523],"rotations":[0],"colors":[7122329,6396809,8434380,6990537]},
  {"id":24603,"name":"Button","type":10,"category":0,"actions":["Push"],"coordinates":[[11144,30674]],"size":[1,1,523],"rotations":[0],"colors":[7122329,6396809,8434380,6990537]},
  {"id":15490,"name":"Kalphite Queen","type":10,"category":0,"actions":[],"coordinates":[[11156,30674]],"size":[5,5,523],"rotations":[0],"colors":[7122329,6396809,8434380,6990537]},
  {"id":24576,"name":"Machine","type":10,"category":0,"actions":[],"coordinates":[[11162,30494]],"size":[1,4,523],"rotations":[3],"colors":[7122329,6396809,8434380,6990537]},
  {"id":24592,"name":"Button","type":10,"category":0,"actions":["Push"],"coordinates":[[11162,30518]],"size":[2,1,523],"rotations":[2],"colors":[7122329,6396809,8434380,6990537]},
  {"id":24587,"name":"Machine","type":10,"category":0,"actions":[],"coordinates":[[11168,30674]],"size":[1,3,523],"rotations":[0],"colors":[7122329,6396809,8434380,6990537]},
  {"id":24607,"name":"Plaque","type":10,"category":0,"actions":["Study"],"coordinates":[[11168,30518]],"size":[1,1,523],"rotations":[0],"colors":[7122329,6396809,8434380,6990537]},
  {"id":24584,"name":"Machine","type":10,"category":0,"actions":[],"coordinates":[[11196,30618]],"size":[1,3,523],"rotations":[1],"colors":[7122329,6396809,8434380,6990537]},
  {"id":24615,"name":"Plaque","type":10,"category":0,"actions":["Study"],"coordinates":[[11192,30602]],"size":[1,1,523],"rotations":[0],"colors":[7122329,6396809,8434380,6990537]},
  {"id":24582,"name":"Machine","type":10,"category":0,"actions":[],"coordinates":[[11196,30562]],"size":[1,3,523],"rotations":[3],"colors":[7122329,6396809,8434380,6990537]},
  {"id":24600,"name":"Button","type":10,"category":0,"actions":["Push"],"coordinates":[[11196,30602]],"size":[1,1,523],"rotations":[0],"colors":[7122329,6396809,8434380,6990537]},
  {"id":24598,"name":"Button","type":10,"category":0,"actions":["Push"],"coordinates":[[11196,30578]],"size":[1,1,523],"rotations":[0],"colors":[7122329,6396809,8434380,6990537]},
  {"id":24577,"name":"Machine","type":10,"category":0,"actions":[],"coordinates":[[11202,30498]],"size":[1,4,523],"rotations":[3],"colors":[7122329,6396809,8434380,6990537]},
  {"id":24613,"name":"Plaque","type":10,"category":0,"actions":["Study"],"coordinates":[[11200,30578]],"size":[1,1,523],"rotations":[0],"colors":[7122329,6396809,8434380,6990537]},
  {"id":24593,"name":"Button","type":10,"category":0,"actions":["Push"],"coordinates":[[11202,30518]],"size":[2,1,523],"rotations":[2],"colors":[7122329,6396809,8434380,6990537]},
  {"id":24608,"name":"Plaque","type":10,"category":0,"actions":["Study"],"coordinates":[[11208,30518]],"size":[1,1,523],"rotations":[0],"colors":[7122329,6396809,8434380,6990537]},
  {"id":24585,"name":"Machine","type":10,"category":0,"actions":[],"coordinates":[[11224,30618]],"size":[1,3,523],"rotations":[1],"colors":[7122329,6396809,8434380,6990537]},
  {"id":24616,"name":"Plaque","type":10,"category":0,"actions":["Study"],"coordinates":[[11220,30602]],"size":[1,1,523],"rotations":[0],"colors":[7122329,6396809,8434380,6990537]},
  {"id":24569,"name":"Snake","type":10,"category":0,"actions":[],"coordinates":[[11224,30570]],"size":[3,3,523],"rotations":[0],"colors":[7122329,6396809,8434380,6990537]},
  {"id":24583,"name":"Machine","type":10,"category":0,"actions":[],"coordinates":[[11224,30562]],"size":[1,3,523],"rotations":[3],"colors":[7122329,6396809,8434380,6990537]},
  {"id":24601,"name":"Button","type":10,"category":0,"actions":["Push"],"coordinates":[[11224,30602]],"size":[1,1,523],"rotations":[0],"colors":[7122329,6396809,8434380,6990537]},
  {"id":24599,"name":"Button","type":10,"category":0,"actions":["Push"],"coordinates":[[11224,30578]],"size":[1,1,523],"rotations":[0],"colors":[7122329,6396809,8434380,6990537]},
  {"id":24614,"name":"Plaque","type":10,"category":0,"actions":["Study"],"coordinates":[[11228,30578]],"size":[1,1,523],"rotations":[0],"colors":[7122329,6396809,8434380,6990537]}
]