[
  {"id":1165,"name":"Mushroom","type":10,"category":0,"actions":[],"coordinates":[[11008,26014],[11012,26010],[11012,25990]],"size":[1,1,523],"rotations":[0,0,0],"colors":[7122329,6396809,8434380,6990537]},
  {"id":1394,"name":"Plant","type":10,"category":0,"actions":[],"coordinates":[[11010,25976],[11010,25900],[11018,26008],[11018,25960],[11018,25896],[11022,25972],[11026,25916]],"size":[2,2,523],"rotations":[0,0,0,0,0,0,0],"colors":[7122329,6396809,8434380,6990537]},
  {"id":37970,"name":"Oak tree","type":10,"category":0,"actions":[],"coordinates":[[11012,25882],[11024,25890],[11036,25962],[11036,25946],[11040,26090],[11048,26026],[11048,25970],[11048,25958],[11052,25986],[11060,26046],[11104,26086],[11108,26062]],"size":[3,3,523],"rotations":[0,0,0,0,0,0,0,0,0,0,0,0],"colors":[7122329,6396809,8434380,6990537]},
  {"id":1088,"name":"Chair","type":10,"category":884,"actions":[],"coordinates":[[11012,26078],[11016,26074]],"size":[1,1,523],"rotations":[0,0],"colors":[7122329,6396809,8434380,6990537]},
  {"id":908,"name":"Magical symbol","type":7,"category":0,"actions":[],"coordinates":[[11012,26070],[11012,26034],[11032,26070],[11032,26034]],"size":[1,1,523],"rotations":[0,0,0,0],"colors":[7122329,6396809,8434380,6990537]},
  {"id":1166,"name":"Mushrooms","type":10,"category":0,"actions":[],"coordinates":[[11012,25994],[11016,25990]],"size":[1,1,523],"rotations":[0,0],"colors":[7122329,6396809,8434380,6990537]},
  {"id":604,"name":"Table","type":10,"category":154,"actions":[],"coordinates":[[11016,26090]],"size":[1,1,523],"rotations":[0],"colors":[7122329,6396809,8434380,6990537]},
  {"id":304,"name":"Hay bale","type":10,"category":0,"actions":["Search"],"coordinates":[[11016,26014],[11020,26014]],"size":[1,1,523],"rotations":[0,0],"colors":[7122329,6396809,8434380,6990537]},
  {"id":16683,"name":"Ladder","type":10,"category":0,"actions":["Climb-up"],"coordinates":[[11020,26086]],"size":[1,1,523],"rotations":[0],"colors":[7122329,6396809,8434380,6990537]},
  {"id":1535,"name":"Door","type":0,"category":0,"actions":["Open"],"coordinates":[[11020,26074]],"size":[1,1,523],"rotations":[0],"colors":[7122329,6396809,8434380,6990537]},
  {"id":907,"name":"Charms","type":6,"category":0,"actions":[],"coordinates":[[11020,26062],[11020,26042]],"size":[1,1,523],"rotations":[0,0],"colors":[7122329,6396809,8434380,6990537]},
  {"id":683,"name":"Grandfather Clock","type":10,"category":0,"actions":[],"coordinates":[[11024,26074]],"size":[1,1,523],"rotations":[0],"colors":[7122329,6396809,8434380,6990537]},
  {"id":1391,"name":"Plant","type":10,"category":0,"actions":[],"coordinates":[[11026,26008]],"size":[2,2,523],"rotations":[0],"colors":[7122329,6396809,8434380,6990537]},
  {"id":1102,"name":"Stool","type":10,"category":219,"actions":[],"coordinates":[[11028,26078]],"size":[1,1,523],"rotations":[0],"colors":[7122329,6396809,8434380,6990537]},
  {"id":595,"name":"Table","type":10,"category":156,"actions":[],"coordinates":[[11032,26052]],"size":[2,1,523],"rotations":[3],"colors":[7122329,6396809,8434380,6990537]},
  {"id":904,"name":"Dragon's head","type":4,"category":0,"actions":[],"coordinates":[[11036,26062],[11036,26042]],"size":[1,1,523],"rotations":[0,0],"colors":[7122329,6396809,8434380,6990537]},
  {"id":724,"name":"Standing torch","type":10,"category":0,"actions":[],"coordinates":[[11036,26058],[11036,26046]],"size":[1,1,523],"rotations":[0,0],"colors":[7122329,6396809,8434380,6990537]},
  {"id":1020,"name":"Shelf","type":4,"category":0,"actions":[],"coordinates":[[11036,26054]],"size":[1,1,523],"rotations":[0],"colors":[7122329,6396809,8434380,6990537]},
  {"id":1019,"name":"Shelf","type":4,"category":0,"actions":[],"coordinates":[[11036,26050]],"size":[1,1,523],"rotations":[0],"colors":[7122329,6396809,8434380,6990537]},
  {"id":37966,"name":"Tree","type":10,"category":0,"actions":[],"coordinates":[[11050,26088],[11058,26092]],"size":[2,2,523],"rotations":[0,0],"colors":[7122329,6396809,8434380,6990537]},
  {"id":11192,"name":"Rockslide","type":10,"category":0,"actions":[],"coordinates":[[11074,26104],[11082,26024],[11086,26096],[11086,26056],[11090,26104],[11090,26084],[11090,26072],[11094,26032]],"size":[2,2,523],"rotations":[0,0,0,0,0,0,0,0],"colors":[7122329,6396809,8434380,6990537]},
  {"id":37973,"name":"Tree","type":10,"category":0,"actions":["Chop down"],"coordinates":[[11078,26084],[11082,26092],[11102,25940],[11110,25944]],"size":[2,2,523],"rotations":[0,0,0,0],"colors":[7122329,6396809,8434380,6990537]},
  {"id":11190,"name":"Rockslide","type":10,"category":0,"actions":[],"coordinates":[[11082,26104]],"size":[2,2,523],"rotations":[0],"colors":[7122329,6396809,8434380,6990537]},
  {"id":11191,"name":"Rockslide","type":10,"category":0,"actions":[],"coordinates":[[11086,26032],[11090,26064]],"size":[2,2,523],"rotations":[0,0],"colors":[7122329,6396809,8434380,6990537]},
  {"id":9733,"name":"Tree","type":10,"category":0,"actions":["Chop down"],"coordinates":[[11098,26004]],"size":[2,2,523],"rotations":[0],"colors":[7122329,6396809,8434380,6990537]}
]