[
  {"id":51869,"name":"Shrine","type":10,"category":0,"actions":[],"coordinates":[[11278,12770]],"size":[5,2,523],"rotations":[3],"colors":[7122329,6396809,8434380,6990537]},
  {"id":33454,"name":"Brazier","type":10,"category":0,"actions":[],"coordinates":[[11284,12778],[11284,12762]],"size":[1,1,523],"rotations":[0,0],"colors":[7122329,6396809,8434380,6990537]},
  {"id":14524,"name":"Skeleton","type":11,"category":0,"actions":[],"coordinates":[[11284,12766],[11304,12782]],"size":[1,1,523],"rotations":[0,0],"colors":[7122329,6396809,8434380,6990537]},
  {"id":39070,"name":"Statue","type":11,"category":0,"actions":[],"coordinates":[[11290,12780],[11290,12760]],"size":[2,2,523],"rotations":[0,0],"colors":[7122329,6396809,8434380,6990537]},
  {"id":12257,"name":"Dragon egg","type":10,"category":0,"actions":[],"coordinates":[[11304,12586],[11312,12590],[11316,12582]],"size":[1,1,523],"rotations":[0,0,0],"colors":[7122329,6396809,8434380,6990537]},
  {"id":48174,"name":"Barrel","type":10,"category":1818,"actions":[],"coordinates":[[11316,12742],[11320,12734],[11328,12782],[11344,12778],[11348,12758]],"size":[1,1,523],"rotations":[0,0,0,0,0],"colors":[7122329,6396809,8434380,6990537]},
  {"id":48159,"name":"Crate","type":11,"category":0,"actions":[],"coordinates":[[11316,12738],[11344,12762]],"size":[1,1,523],"rotations":[0,0],"colors":[7122329,6396809,8434380,6990537]},
  {"id":48160,"name":"Crates","type":11,"category":0,"actions":[],"coordinates":[[11324,12734],[11348,12762]],"size":[1,1,523],"rotations":[0,0],"colors":[7122329,6396809,8434380,6990537]},
  {"id":9515,"name":"Betty's cauldron","type":10,"category":0,"actions":[],"coordinates":[[11332,12770],[11488,12626]],"size":[1,1,523],"rotations":[0,0],"colors":[7122329,6396809,8434380,6990537]},
  {"id":42407,"name":"Hollow log","type":10,"category":0,"actions":[],"coordinates":[[11338,12782],[11344,12772],[11374,12610]],"size":[2,1,523],"rotations":[2,1,2],"colors":[7122329,6396809,8434380,6990537]},
  {"id":31798,"name":"Fire","type":10,"category":152,"actions":[],"coordinates":[[11336,12774]],"size":[1,1,523],"rotations":[0],"colors":[7122329,6396809,8434380,6990537]},
  {"id":47147,"name":"Cave","type":10,"category":0,"actions":["Exit"],"coordinates":[[11380,12608]],"size":[2,3,523],"rotations":[3],"colors":[7122329,6396809,8434380,6990537]},
  {"id":15183,"name":"Eggs","type":10,"category":0,"actions":[],"coordinates":[[11420,12786],[11432,12734],[11436,12782],[11448,12730],[11456,12786],[11480,12754],[11484,12758],[11488,12738]],"size":[1,1,523],"rotations":[0,0,0,0,0,0,0,0],"colors":[7122329,6396809,8434380,6990537]},
  {"id":15185,"name":"Eggs","type":10,"category":0,"actions":[],"coordinates":[[11420,12778],[11436,12778],[11448,12738],[11480,12778],[11484,12738],[11488,12754]],"size":[1,1,523],"rotations":[0,0,0,0,0,0],"colors":[7122329,6396809,8434380,6990537]},
  {"id":15182,"name":"Eggs","type":10,"category":0,"actions":[],"coordinates":[[11432,12738],[11448,12734]],"size":[1,1,523],"rotations":[0,0],"colors":[7122329,6396809,8434380,6990537]},
  {"id":15184,"name":"Eggs","type":10,"category":0,"actions":[],"coordinates":[[11452,12734],[11476,12786],[11484,12754],[11492,12738]],"size":[1,1,523],"rotations":[0,0,0,0],"colors":[7122329,6396809,8434380,6990537]},
  {"id":42092,"name":"Stool","type":10,"category":0,"actions":[],"coordinates":[[11484,12626]],"size":[1,1,523],"rotations":[0],"colors":[7122329,6396809,8434380,6990537]},
  {"id":42066,"name":"Crate","type":11,"category":0,"actions":[],"coordinates":[[11488,12634]],"size":[1,1,523],"rotations":[0],"colors":[7122329,6396809,8434380,6990537]},
  {"id":47970,"name":"Book","type":11,"category":0,"actions":[],"coordinates":[[11488,12630]],"size":[1,1,523],"rotations":[0],"colors":[7122329,6396809,8434380,6990537]}
]