[
  {"id":57931,"name":"Rocks","type":22,"category":0,"actions":["Climb"],"coordinates":[[11508,40682]],"size":[1,1,523],"rotations":[0],"colors":[7122329,6396809,8434380,6990537]},
  {"id":57932,"name":"Rocks","type":22,"category":0,"actions":["Climb"],"coordinates":[[11508,40662]],"size":[1,1,523],"rotations":[0],"colors":[7122329,6396809,8434380,6990537]},
  {"id":57512,"name":"Tropical tree","type":10,"category":0,"actions":[],"coordinates":[[11516,40694]],"size":[3,3,523],"rotations":[0],"colors":[7122329,6396809,8434380,6990537]},
  {"id":57515,"name":"Tropical tree","type":10,"category":0,"actions":[],"coordinates":[[11516,40694]],"size":[3,3,523],"rotations":[0],"colors":[7122329,6396809,8434380,6990537]}
]