[
  {"id":27723,"name":"Destroyed furniture","type":10,"category":0,"actions":[],"coordinates":[[11268,35252],[11274,35266],[11330,35246]],"size":[1,2,523],"rotations":[2,1,1],"colors":[7122329,6396809,8434380,6990537]},
  {"id":27698,"name":"Broken table","type":10,"category":0,"actions":[],"coordinates":[[11272,35248],[11282,35254],[11298,35246],[11338,35250]],"size":[1,2,523],"rotations":[0,3,1,1],"colors":[7122329,6396809,8434380,6990537]},
  {"id":27718,"name":"Bank booth","type":10,"category":684,"actions":["Bank","Collect"],"coordinates":[[11280,35266]],"size":[1,1,523],"rotations":[0],"colors":[7122329,6396809,8434380,6990537]},
  {"id":27696,"name":"Stairs","type":10,"category":0,"actions":[],"coordinates":[[11288,35288]],"size":[3,2,523],"rotations":[2],"colors":[7122329,6396809,8434380,6990537]},
  {"id":27719,"name":"Bank booth","type":10,"category":684,"actions":["Bank","Collect"],"coordinates":[[11296,35266]],"size":[1,1,523],"rotations":[0],"colors":[7122329,6396809,8434380,6990537]},
  {"id":27722,"name":"Destroyed furniture","type":11,"category":0,"actions":[],"coordinates":[[11304,35250],[11320,35250],[11344,35254]],"size":[1,1,523],"rotations":[0,0,0],"colors":[7122329,6396809,8434380,6990537]},
  {"id":27720,"name":"Bank booth","type":10,"category":684,"actions":["Bank","Collect"],"coordinates":[[11312,35266]],"size":[1,1,523],"rotations":[0],"colors":[7122329,6396809,8434380,6990537]},
  {"id":10529,"name":"Bank Deposit Box","type":10,"category":276,"actions":["Deposit"],"coordinates":[[11320,35290]],"size":[1,1,523],"rotations":[0],"colors":[7122329,6396809,8434380,6990537]},
  {"id":26797,"name":"Poll booth","type":10,"category":761,"actions":["Use"],"coordinates":[[11328,35290]],"size":[1,1,523],"rotations":[0],"colors":[7122329,6396809,8434380,6990537]},
  {"id":27721,"name":"Bank booth","type":10,"category":684,"actions":["Bank","Collect"],"coordinates":[[11328,35266]],"size":[1,1,523],"rotations":[0],"colors":[7122329,6396809,8434380,6990537]},
  {"id":27699,"name":"Till","type":10,"category":169,"actions":[],"coordinates":[[11458,35294]],"size":[1,2,523],"rotations":[1],"colors":[7122329,6396809,8434380,6990537]},
  {"id":27684,"name":"Chair","type":10,"category":0,"actions":[],"coordinates":[[11460,35298]],"size":[1,1,523],"rotations":[0],"colors":[7122329,6396809,8434380,6990537]},
  {"id":27702,"name":"Shelves","type":10,"category":0,"actions":[],"coordinates":[[11460,35278]],"size":[1,1,523],"rotations":[0],"colors":[7122329,6396809,8434380,6990537]},
  {"id":27701,"name":"Shelves","type":10,"category":0,"actions":[],"coordinates":[[11464,35278]],"size":[1,1,523],"rotations":[0],"colors":[7122329,6396809,8434380,6990537]},
  {"id":27700,"name":"Shelves","type":10,"category":0,"actions":[],"coordinates":[[11468,35278]],"size":[1,1,523],"rotations":[0],"colors":[7122329,6396809,8434380,6990537]},
  {"id":27648,"name":"Post","type":10,"category":0,"actions":[],"coordinates":[[11484,35306],[11484,35266],[11500,35306],[11500,35286],[11500,35266]],"size":[1,1,523],"rotations":[0,0,0,0,0],"colors":[7122329,6396809,8434380,6990537]},
  {"id":59341,"name":"Broken crane","type":10,"category":2317,"actions":["Chart"],"coordinates":[[11490,35240]],"size":[4,4,523],"rotations":[0],"colors":[7122329,6396809,8434380,6990537]}
]