[
  {"id":25832,"name":"Chair","type":11,"category":0,"actions":[],"coordinates":[[11352,33382],[11352,33374],[11352,33366],[11356,33382],[11356,33374],[11360,33374],[11360,33366],[11364,33382],[11364,33366],[11368,33374],[11368,33366],[11380,33382],[11380,33374],[11384,33382],[11384,33366],[11388,33382],[11388,33374],[11388,33366],[11392,33382],[11392,33374],[11396,33382],[11396,33374],[11396,33366]],"size":[1,1,523],"rotations":[0,0,0,0,0,0,0,0,0,0,0,0,0,0,0,0,0,0,0,0,0,0,0],"colors":[7122329,6396809,8434380,6990537]},
  {"id":25945,"name":"The jury","type":10,"category":0,"actions":[],"coordinates":[[11352,33348]],"size":[2,1,523],"rotations":[3],"colors":[7122329,6396809,8434380,6990537]},
  {"id":25947,"name":"The jury","type":10,"category":0,"actions":[],"coordinates":[[11352,33340]],"size":[2,1,523],"rotations":[3],"colors":[7122329,6396809,8434380,6990537]},
  {"id":26045,"name":"Citizen","type":10,"category":0,"actions":[],"coordinates":[[11356,33366]],"size":[1,1,523],"rotations":[0],"colors":[7122329,6396809,8434380,6990537]},
  {"id":25944,"name":"The jury","type":10,"category":0,"actions":[],"coordinates":[[11356,33348]],"size":[2,1,523],"rotations":[3],"colors":[7122329,6396809,8434380,6990537]},
  {"id":25946,"name":"The jury","type":10,"category":0,"actions":[],"coordinates":[[11356,33340]],"size":[2,1,523],"rotations":[3],"colors":[7122329,6396809,8434380,6990537]},
  {"id":26048,"name":"Citizen","type":10,"category":0,"actions":[],"coordinates":[[11360,33382],[11392,33366]],"size":[1,1,523],"rotations":[0,0],"colors":[7122329,6396809,8434380,6990537]},
  {"id":26047,"name":"Citizen","type":10,"category":0,"actions":[],"coordinates":[[11364,33374]],"size":[1,1,523],"rotations":[0],"colors":[7122329,6396809,8434380,6990537]},
  {"id":26043,"name":"Desk","type":10,"category":154,"actions":[],"coordinates":[[11366,33342]],"size":[2,1,523],"rotations":[0],"colors":[7122329,6396809,8434380,6990537]},
  {"id":26051,"name":"Stairs","type":10,"category":0,"actions":[],"coordinates":[[11372,33400]],"size":[2,3,523],"rotations":[3],"colors":[7122329,6396809,8434380,6990537]},
  {"id":26050,"name":"Citizen","type":10,"category":0,"actions":[],"coordinates":[[11368,33382]],"size":[1,1,523],"rotations":[0],"colors":[7122329,6396809,8434380,6990537]},
  {"id":25955,"name":"Alan","type":10,"category":0,"actions":[],"coordinates":[[11368,33334]],"size":[1,1,523],"rotations":[0],"colors":[7122329,6396809,8434380,6990537]},
  {"id":26042,"name":"Gate","type":10,"category":0,"actions":["Exit"],"coordinates":[[11372,33358],[11376,33358]],"size":[1,1,523],"rotations":[0,0],"colors":[7122329,6396809,8434380,6990537]},
  {"id":25956,"name":"Court judge","type":10,"category":0,"actions":["Talk-to"],"coordinates":[[11374,33328]],"size":[2,2,523],"rotations":[0],"colors":[7122329,6396809,8434380,6990537]},
  {"id":26046,"name":"Citizen","type":10,"category":0,"actions":[],"coordinates":[[11380,33366]],"size":[1,1,523],"rotations":[0],"colors":[7122329,6396809,8434380,6990537]},
  {"id":26044,"name":"Desk","type":10,"category":154,"actions":[],"coordinates":[[11382,33342]],"size":[2,1,523],"rotations":[0],"colors":[7122329,6396809,8434380,6990537]},
  {"id":26049,"name":"Citizen","type":10,"category":0,"actions":[],"coordinates":[[11384,33374]],"size":[1,1,523],"rotations":[0],"colors":[7122329,6396809,8434380,6990537]}
]