[
  {"id":19156,"name":"Basket","type":10,"category":0,"actions":[],"coordinates":[[11300,30866]],"size":[3,3,523],"rotations":[0],"colors":[7122329,6396809,8434380,6990537]},
  {"id":19126,"name":"Plank","type":10,"category":0,"actions":["Use"],"coordinates":[[11308,30862]],"size":[1,1,523],"rotations":[0],"colors":[7122329,6396809,8434380,6990537]},
  {"id":19164,"name":"Basket","type":11,"category":0,"actions":[],"coordinates":[[11318,30864]],"size":[2,2,523],"rotations":[0],"colors":[7122329,6396809,8434380,6990537]},
  {"id":19167,"name":"Tree","type":10,"category":189,"actions":[],"coordinates":[[11438,30780],[11438,30768],[11446,30772],[11446,30744],[11462,30740]],"size":[2,2,523],"rotations":[0,0,0,0,0],"colors":[7122329,6396809,8434380,6990537]},
  {"id":19166,"name":"Tree","type":10,"category":189,"actions":[],"coordinates":[[11438,30756],[11450,30756],[11474,30792],[11474,30780],[11486,30780],[11486,30768]],"size":[2,2,523],"rotations":[0,0,0,0,0,0],"colors":[7122329,6396809,8434380,6990537]},
  {"id":19125,"name":"Dirt","type":22,"category":0,"actions":["Leave"],"coordinates":[[11452,30798]],"size":[1,1,523],"rotations":[0],"colors":[7122329,6396809,8434380,6990537]},
  {"id":19165,"name":"Tree","type":10,"category":189,"actions":[],"coordinates":[[11462,30792],[11490,30756]],"size":[2,2,523],"rotations":[0,0],"colors":[7122329,6396809,8434380,6990537]},
  {"id":19162,"name":"Frame","type":11,"category":0,"actions":[],"coordinates":[[11474,30740]],"size":[2,2,523],"rotations":[0],"colors":[7122329,6396809,8434380,6990537]},
  {"id":19161,"name":"Basket","type":10,"category":0,"actions":[],"coordinates":[[11482,30746]],"size":[3,2,523],"rotations":[3],"colors":[7122329,6396809,8434380,6990537]}
]