[
  {"id":13664,"name":"Infernal chart","type":5,"category":206,"actions":["Study","Remove"],"coordinates":[[11264,27610],[11264,27590],[11264,27482],[11264,27462],[11288,27614],[11288,27586],[11288,27486],[11288,27458]],"size":[1,1,523],"rotations":[0,0,0,0,0,0,0,0],"colors":[7122329,6396809,8434380,6990537]},
  {"id":6770,"name":"Bookcase","type":10,"category":206,"actions":["Search","Remove"],"coordinates":[[11264,27602],[11264,27598],[11264,27474],[11264,27470]],"size":[1,1,523],"rotations":[0,0,0,0],"colors":[7122329,6396809,8434380,6990537]},
  {"id":13658,"name":"Telescope","type":10,"category":206,"actions":["Observe","Remove"],"coordinates":[[11264,27594],[11264,27466]],"size":[1,1,523],"rotations":[0,0],"colors":[7122329,6396809,8434380,6990537]},
  {"id":13696,"name":"Gilded bench","type":10,"category":206,"actions":["Sit-on","Remove"],"coordinates":[[11264,27542],[11264,27538],[11264,27534],[11264,27530],[11264,27526],[11264,27522],[11292,27542],[11292,27538],[11292,27534],[11292,27530],[11292,27526],[11292,27522]],"size":[1,1,523],"rotations":[0,0,0,0,0,0,0,0,0,0,0,0],"colors":[7122329,6396809,8434380,6990537]},
  {"id":33419,"name":"Xeric's Talisman","type":5,"category":206,"actions":["Teleport menu","Configuration","Remove"],"coordinates":[[11268,27646],[11268,27518]],"size":[1,1,523],"rotations":[0,0],"colors":[7122329,6396809,8434380,6990537]},
  {"id":13655,"name":"Large orrery","type":10,"category":206,"actions":["Remove"],"coordinates":[[11272,27606],[11272,27478]],"size":[3,3,523],"rotations":[0,0],"colors":[7122329,6396809,8434380,6990537]},
  {"id":13673,"name":"Lever","type":10,"category":206,"actions":["Pull","Challenge-mode","Remove"],"coordinates":[[11268,27546]],"size":[1,1,523],"rotations":[0],"colors":[7122329,6396809,8434380,6990537]},
  {"id":6779,"name":"Wall decoration","type":5,"category":206,"actions":["Remove"],"coordinates":[[11272,27618],[11272,27518],[11272,27490],[11284,27618],[11284,27518],[11284,27490]],"size":[1,1,523],"rotations":[0,0,0,0,0,0],"colors":[7122329,6396809,8434380,6990537]},
  {"id":33410,"name":"Portal Nexus","type":10,"category":206,"actions":["Teleport","Teleport Menu","Configuration","Remove"],"coordinates":[[11278,27632],[11278,27504]],"size":[2,2,523],"rotations":[0,0],"colors":[7122329,6396809,8434380,6990537]},
  {"id":13794,"name":"Mahogany wall decoration","type":5,"category":206,"actions":["Remove"],"coordinates":[[11276,27550],[11280,27550]],"size":[1,1,523],"rotations":[0,0],"colors":[7122329,6396809,8434380,6990537]},
  {"id":13668,"name":"Throne","type":10,"category":206,"actions":["Sit-on","Remove"],"coordinates":[[11276,27546],[11280,27546]],"size":[1,1,523],"rotations":[0,0],"colors":[7122329,6396809,8434380,6990537]},
  {"id":37349,"name":"Lectern","type":10,"category":206,"actions":["Study","Remove"],"coordinates":[[11284,27606],[11284,27478]],"size":[1,1,523],"rotations":[0,0],"colors":[7122329,6396809,8434380,6990537]},
  {"id":13661,"name":"Crystal of power","type":10,"category":206,"actions":["Remove"],"coordinates":[[11284,27594],[11284,27466]],"size":[1,1,523],"rotations":[0,0],"colors":[7122329,6396809,8434380,6990537]},
  {"id":33420,"name":"Digsite Pendant","type":5,"category":206,"actions":["Teleport menu","Configuration","Remove"],"coordinates":[[11288,27646],[11288,27518]],"size":[1,1,523],"rotations":[0,0],"colors":[7122329,6396809,8434380,6990537]},
  {"id":13677,"name":"Mahogany trapdoor","type":22,"category":206,"actions":["Open","Remove-room","Remove"],"coordinates":[[11288,27546]],"size":[1,1,523],"rotations":[0],"colors":[7122329,6396809,8434380,6990537]},
  {"id":26868,"name":"Pet list","type":10,"category":206,"actions":["Read","Remove"],"coordinates":[[11300,27550]],"size":[1,1,523],"rotations":[0],"colors":[7122329,6396809,8434380,6990537]},
  {"id":26835,"name":"Tree","type":10,"category":206,"actions":["Remove"],"coordinates":[[11302,27540]],"size":[2,2,523],"rotations":[0],"colors":[7122329,6396809,8434380,6990537]},
  {"id":26863,"name":"Arena","type":3,"category":206,"actions":["Remove"],"coordinates":[[11300,27534],[11300,27530],[11300,27526],[11304,27534],[11304,27526],[11308,27534],[11308,27526],[11312,27534],[11312,27530],[11312,27526]],"size":[1,1,523],"rotations":[0,0,0,0,0,0,0,0,0,0],"colors":[7122329,6396809,8434380,6990537]},
  {"id":26866,"name":"Arena","type":22,"category":206,"actions":["Remove"],"coordinates":[[11304,27530],[11308,27530]],"size":[1,1,523],"rotations":[0,0],"colors":[7122329,6396809,8434380,6990537]},
  {"id":4525,"name":"Portal","type":10,"category":206,"actions":["Enter","Lock","Remove board advert","Remove"],"coordinates":[[11310,27632],[11310,27504]],"size":[2,2,523],"rotations":[0,0],"colors":[7122329,6396809,8434380,6990537]},
  {"id":26832,"name":"Nature house","type":10,"category":206,"actions":["View","Remove"],"coordinates":[[11314,27540]],"size":[2,2,523],"rotations":[0],"colors":[7122329,6396809,8434380,6990537]},
  {"id":26872,"name":"Mahogany feeder","type":10,"category":206,"actions":["Remove"],"coordinates":[[11322,27524]],"size":[2,2,523],"rotations":[0],"colors":[7122329,6396809,8434380,6990537]},
  {"id":26860,"name":"Mahogany scratching post","type":10,"category":763,"actions":["Remove"],"coordinates":[[11324,27546]],"size":[1,1,523],"rotations":[0],"colors":[7122329,6396809,8434380,6990537]},
  {"id":29253,"name":"Otherworldly theme","type":10,"category":206,"actions":["Remove"],"coordinates":[[11330,27644],[11330,27516]],"size":[2,2,523],"rotations":[0,0],"colors":[7122329,6396809,8434380,6990537]},
  {"id":29262,"name":"Redwood fence","type":2,"category":206,"actions":["Remove"],"coordinates":[[11328,27646],[11328,27642],[11328,27622],[11328,27618],[11328,27518],[11328,27514],[11328,27494],[11328,27490],[11332,27646],[11332,27618],[11332,27518],[11332,27490],[11352,27646],[11352,27618],[11352,27518],[11352,27490],[11356,27646],[11356,27642],[11356,27622],[11356,27618],[11356,27518],[11356,27514],[11356,27494],[11356,27490]],"size":[1,1,523],"rotations":[0,0,0,0,0,0,0,0,0,0,0,0,0,0,0,0,0,0,0,0,0,0,0,0],"colors":[7122329,6396809,8434380,6990537]},
  {"id":29264,"name":"Redwood fence post","type":0,"category":206,"actions":["Remove"],"coordinates":[[11328,27638],[11328,27510],[11336,27618],[11336,27490],[11348,27646],[11348,27518],[11356,27626],[11356,27498]],"size":[1,1,523],"rotations":[0,0,0,0,0,0,0,0],"colors":[7122329,6396809,8434380,6990537]},
  {"id":29263,"name":"Redwood fence post","type":0,"category":206,"actions":["Remove"],"coordinates":[[11328,27626],[11328,27498],[11336,27646],[11336,27518],[11348,27618],[11348,27490],[11356,27638],[11356,27510]],"size":[1,1,523],"rotations":[0,0,0,0,0,0,0,0],"colors":[7122329,6396809,8434380,6990537]},
  {"id":29241,"name":"Ornate pool of Rejuvenation","type":10,"category":206,"actions":["Drink","Remove"],"coordinates":[[11330,27620],[11330,27492]],"size":[2,2,523],"rotations":[0,0],"colors":[7122329,6396809,8434380,6990537]},
  {"id":13272,"name":"Statue","type":11,"category":206,"actions":["Remove"],"coordinates":[[11328,27614],[11328,27486]],"size":[1,1,523],"rotations":[0,0],"colors":[7122329,6396809,8434380,6990537]},
  {"id":13273,"name":"Statue","type":11,"category":206,"actions":["Remove"],"coordinates":[[11328,27586],[11328,27458]],"size":[1,1,523],"rotations":[0,0],"colors":[7122329,6396809,8434380,6990537]},
  {"id":13258,"name":"Decorative window","type":0,"category":206,"actions":["Remove"],"coordinates":[[11336,27614],[11336,27586],[11348,27614],[11348,27586],[11356,27606],[11356,27594]],"size":[1,1,523],"rotations":[0,0,0,0,0,0],"colors":[7122329,6396809,8434380,6990537]},
  {"id":13267,"name":"Decorative window","type":0,"category":206,"actions":["Remove"],"coordinates":[[11336,27486],[11336,27458],[11348,27486],[11348,27458],[11356,27478],[11356,27466]],"size":[1,1,523],"rotations":[0,0,0,0,0,0],"colors":[7122329,6396809,8434380,6990537]},
  {"id":29422,"name":"Spiritual Fairy Tree","type":10,"category":206,"actions":["Tree","Ring-Zanaris","Ring-configure","Ring-last-destination (AIP)","Remove"],"coordinates":[[11342,27632],[11342,27504]],"size":[2,2,523],"rotations":[0,0],"colors":[7122329,6396809,8434380,6990537]},
  {"id":13216,"name":"Organ","type":10,"category":206,"actions":["Play","Remove"],"coordinates":[[11342,27614],[11342,27486]],"size":[2,1,523],"rotations":[2,2],"colors":[7122329,6396809,8434380,6990537]},
  {"id":29272,"name":"Gnome bench","type":10,"category":206,"actions":["Sit-on","Remove"],"coordinates":[[11348,27618],[11348,27490],[11356,27622],[11356,27494]],"size":[1,1,523],"rotations":[0,0,0,0],"colors":[7122329,6396809,8434380,6990537]},
  {"id":13213,"name":"Incense burner","type":10,"category":206,"actions":["Re-light","Remove"],"coordinates":[[11348,27610],[11348,27590],[11348,27482],[11348,27462]],"size":[1,1,523],"rotations":[0,0,0,0],"colors":[7122329,6396809,8434380,6990537]},
  {"id":13197,"name":"Altar","type":10,"category":206,"actions":["Pray","Remove"],"coordinates":[[11348,27600],[11348,27472]],"size":[2,1,523],"rotations":[1,1],"colors":[7122329,6396809,8434380,6990537]},
  {"id":29234,"name":"Cerberus Topiary","type":10,"category":206,"actions":["Clip","Remove"],"coordinates":[[11354,27644],[11354,27516]],"size":[2,2,523],"rotations":[0,0],"colors":[7122329,6396809,8434380,6990537]},
  {"id":29273,"name":"Gnome bench","type":10,"category":206,"actions":["Sit-on","Remove"],"coordinates":[[11352,27618],[11352,27490],[11356,27626],[11356,27498]],"size":[1,1,523],"rotations":[0,0,0,0],"colors":[7122329,6396809,8434380,6990537]},
  {"id":13175,"name":"Icon of Saradomin","type":10,"category":206,"actions":["Remove"],"coordinates":[[11356,27600],[11356,27472]],"size":[2,1,523],"rotations":[1,1],"colors":[7122329,6396809,8434380,6990537]}
]