[
  {"id":7179,"name":"Bookcase","type":10,"category":205,"actions":["Search"],"coordinates":[[11680,10622],[11680,10606]],"size":[1,1,523],"rotations":[0,0],"colors":[7122329,6396809,8434380,6990537]},
  {"id":7178,"name":"Bookcase","type":10,"category":205,"actions":["Search"],"coordinates":[[11680,10618],[11680,10610]],"size":[1,1,523],"rotations":[0,0],"colors":[7122329,6396809,8434380,6990537]},
  {"id":7177,"name":"Bookcase","type":10,"category":205,"actions":["Search"],"coordinates":[[11680,10614],[11680,10602]],"size":[1,1,523],"rotations":[0,0],"colors":[7122329,6396809,8434380,6990537]},
  {"id":7194,"name":"Drawers","type":10,"category":0,"actions":["Open"],"coordinates":[[11688,10622]],"size":[1,1,523],"rotations":[0],"colors":[7122329,6396809,8434380,6990537]},
  {"id":7433,"name":"Oak chair","type":11,"category":0,"actions":[],"coordinates":[[11688,10610]],"size":[1,1,523],"rotations":[0],"colors":[7122329,6396809,8434380,6990537]},
  {"id":41931,"name":"Chest","type":10,"category":0,"actions":["Picklock"],"coordinates":[[11688,10602]],"size":[1,1,523],"rotations":[0],"colors":[7122329,6396809,8434380,6990537]},
  {"id":7440,"name":"Desk","type":10,"category":0,"actions":[],"coordinates":[[11692,10612]],"size":[2,1,523],"rotations":[3],"colors":[7122329,6396809,8434380,6990537]},
  {"id":7192,"name":"Chest","type":10,"category":0,"actions":[],"coordinates":[[11696,10622]],"size":[1,1,523],"rotations":[0],"colors":[7122329,6396809,8434380,6990537]},
  {"id":7401,"name":"Table","type":10,"category":156,"actions":[],"coordinates":[[11698,10602]],"size":[2,1,523],"rotations":[2],"colors":[7122329,6396809,8434380,6990537]},
  {"id":41605,"name":"Boxes","type":10,"category":242,"actions":[],"coordinates":[[11700,10622]],"size":[1,1,523],"rotations":[0],"colors":[7122329,6396809,8434380,6990537]},
  {"id":41930,"name":"Ladder","type":10,"category":0,"actions":["Climb-up"],"coordinates":[[11708,10622]],"size":[1,1,523],"rotations":[0],"colors":[7122329,6396809,8434380,6990537]},
  {"id":7434,"name":"Grandfather Clock","type":11,"category":1461,"actions":[],"coordinates":[[11708,10602]],"size":[1,1,523],"rotations":[0],"colors":[7122329,6396809,8434380,6990537]}
]