[
  {"id":59810,"name":"Buoy","type":10,"category":2339,"actions":["Dock"],"coordinates":[[11562,38508]],"size":[2,2,523],"rotations":[0],"colors":[7122329,6396809,8434380,6990537]},
  {"id":59834,"name":"Mooring point","type":10,"category":2340,"actions":["Board","Board-previous","Board-friend"],"coordinates":[[11584,38494]],"size":[1,1,523],"rotations":[0],"colors":[7122329,6396809,8434380,6990537]},
  {"id":58658,"name":"Rowboat space","type":11,"category":2308,"actions":["Build","Inspect"],"coordinates":[[11600,38536]],"size":[2,3,523],"rotations":[3],"colors":[7122329,6396809,8434380,6990537]},
  {"id":44227,"name":"Bush","type":10,"category":0,"actions":[],"coordinates":[[11600,38482],[11612,38534]],"size":[1,1,523],"rotations":[0,0],"colors":[7122329,6396809,8434380,6990537]},
  {"id":58644,"name":"Water pump space","type":10,"category":2308,"actions":["Build","Inspect"],"coordinates":[[11604,38498]],"size":[1,1,523],"rotations":[0],"colors":[7122329,6396809,8434380,6990537]},
  {"id":52432,"name":"Crates","type":10,"category":0,"actions":[],"coordinates":[[11612,38498],[11628,38502]],"size":[1,1,523],"rotations":[0,0],"colors":[7122329,6396809,8434380,6990537]},
  {"id":11363,"name":"Clay rocks","type":10,"category":201,"actions":["Mine"],"coordinates":[[11612,38482],[11656,38478],[11668,38530],[11676,38454]],"size":[1,1,523],"rotations":[0,0,0,0],"colors":[7122329,6396809,8434380,6990537]},
  {"id":18894,"name":"Rockslide","type":10,"category":0,"actions":[],"coordinates":[[11614,38476],[11618,38484],[11626,38492],[11638,38532],[11646,38532],[11662,38540],[11662,38472],[11666,38520],[11666,38504],[11666,38464],[11674,38516]],"size":[2,2,523],"rotations":[0,0,0,0,0,0,0,0,0,0,0],"colors":[7122329,6396809,8434380,6990537]},
  {"id":18460,"name":"Broken boat","type":11,"category":0,"actions":[],"coordinates":[[11620,38540]],"size":[2,3,523],"rotations":[3],"colors":[7122329,6396809,8434380,6990537]},
  {"id":15675,"name":"Barrel","type":11,"category":0,"actions":[],"coordinates":[[11616,38506]],"size":[1,1,523],"rotations":[0],"colors":[7122329,6396809,8434380,6990537]},
  {"id":39695,"name":"Sacks","type":11,"category":0,"actions":[],"coordinates":[[11616,38502]],"size":[1,1,523],"rotations":[0],"colors":[7122329,6396809,8434380,6990537]},
  {"id":51750,"name":"Food pot","type":10,"category":0,"actions":[],"coordinates":[[11616,38498]],"size":[1,1,523],"rotations":[0],"colors":[7122329,6396809,8434380,6990537]},
  {"id":52431,"name":"Crate","type":11,"category":0,"actions":[],"coordinates":[[11620,38506],[11632,38502]],"size":[1,1,523],"rotations":[0,0],"colors":[7122329,6396809,8434380,6990537]},
  {"id":14050,"name":"Chair","type":11,"category":0,"actions":[],"coordinates":[[11624,38514]],"size":[1,1,523],"rotations":[0],"colors":[7122329,6396809,8434380,6990537]},
  {"id":58652,"name":"Potter's wheel space","type":10,"category":2308,"actions":["Build","Inspect"],"coordinates":[[11628,38510]],"size":[1,1,523],"rotations":[0],"colors":[7122329,6396809,8434380,6990537]},
  {"id":60512,"name":"Rusty chest","type":10,"category":2350,"actions":["Picklock"],"coordinates":[[11632,38538]],"size":[1,1,523],"rotations":[0],"colors":[7122329,6396809,8434380,6990537]},
  {"id":42398,"name":"Plant","type":10,"category":0,"actions":[],"coordinates":[[11634,38520]],"size":[2,2,523],"rotations":[0],"colors":[7122329,6396809,8434380,6990537]},
  {"id":58654,"name":"Pottery oven space","type":10,"category":2308,"actions":["Build","Inspect"],"coordinates":[[11638,38502]],"size":[1,2,523],"rotations":[1],"colors":[7122329,6396809,8434380,6990537]},
  {"id":42401,"name":"Plant","type":10,"category":0,"actions":[],"coordinates":[[11642,38492]],"size":[2,2,523],"rotations":[0],"colors":[7122329,6396809,8434380,6990537]},
  {"id":51748,"name":"Food pot","type":10,"category":0,"actions":[],"coordinates":[[11644,38510]],"size":[1,1,523],"rotations":[0],"colors":[7122329,6396809,8434380,6990537]},
  {"id":60571,"name":"A singular circle","type":10,"category":0,"actions":[],"coordinates":[[11648,38506]],"size":[1,1,523],"rotations":[0],"colors":[7122329,6396809,8434380,6990537]},
  {"id":11362,"name":"Clay rocks","type":10,"category":201,"actions":["Mine"],"coordinates":[[11648,38490],[11684,38522]],"size":[1,1,523],"rotations":[0,0],"colors":[7122329,6396809,8434380,6990537]},
  {"id":11366,"name":"Coal rocks","type":10,"category":200,"actions":["Mine"],"coordinates":[[11652,38538]],"size":[1,1,523],"rotations":[0],"colors":[7122329,6396809,8434380,6990537]},
  {"id":42399,"name":"Plant","type":10,"category":0,"actions":[],"coordinates":[[11654,38512],[11686,38456]],"size":[2,2,523],"rotations":[0,0],"colors":[7122329,6396809,8434380,6990537]},
  {"id":11371,"name":"Gold rocks","type":11,"category":199,"actions":["Mine"],"coordinates":[[11652,38486],[11664,38526],[11680,38538]],"size":[1,1,523],"rotations":[0,0,0],"colors":[7122329,6396809,8434380,6990537]},
  {"id":11370,"name":"Gold rocks","type":11,"category":199,"actions":["Mine"],"coordinates":[[11652,38482],[11660,38538],[11684,38534]],"size":[1,1,523],"rotations":[0,0,0],"colors":[7122329,6396809,8434380,6990537]},
  {"id":11367,"name":"Coal rocks","type":11,"category":200,"actions":["Mine"],"coordinates":[[11656,38542]],"size":[1,1,523],"rotations":[0],"colors":[7122329,6396809,8434380,6990537]},
  {"id":18893,"name":"Rockslide","type":10,"category":0,"actions":[],"coordinates":[[11666,38512],[11670,38456],[11678,38472],[11686,38464]],"size":[2,2,523],"rotations":[0,0,0,0],"colors":[7122329,6396809,8434380,6990537]},
  {"id":11369,"name":"Silver rocks","type":10,"category":285,"actions":["Mine"],"coordinates":[[11664,38498]],"size":[1,1,523],"rotations":[0],"colors":[7122329,6396809,8434380,6990537]},
  {"id":47370,"name":"Plant","type":10,"category":0,"actions":[],"coordinates":[[11664,38474],[11672,38490]],"size":[1,1,523],"rotations":[0,0],"colors":[7122329,6396809,8434380,6990537]},
  {"id":42400,"name":"Plant","type":10,"category":0,"actions":[],"coordinates":[[11668,38502],[11688,38454]],"size":[1,1,523],"rotations":[0,0],"colors":[7122329,6396809,8434380,6990537]},
  {"id":11368,"name":"Silver rocks","type":10,"category":285,"actions":["Mine"],"coordinates":[[11668,38494]],"size":[1,1,523],"rotations":[0],"colors":[7122329,6396809,8434380,6990537]},
  {"id":11372,"name":"Mithril rocks","type":11,"category":252,"actions":["Mine"],"coordinates":[[11668,38490]],"size":[1,1,523],"rotations":[0],"colors":[7122329,6396809,8434380,6990537]},
  {"id":51762,"name":"Tree","type":10,"category":189,"actions":["Chop down"],"coordinates":[[11674,38480],[11674,38460]],"size":[2,2,523],"rotations":[0,0],"colors":[7122329,6396809,8434380,6990537]},
  {"id":51819,"name":"Spikey bush","type":10,"category":0,"actions":[],"coordinates":[[11672,38454]],"size":[1,1,523],"rotations":[0],"colors":[7122329,6396809,8434380,6990537]},
  {"id":11364,"name":"Iron rocks","type":11,"category":218,"actions":["Mine"],"coordinates":[[11676,38522],[11680,38526]],"size":[1,1,523],"rotations":[0,0],"colors":[7122329,6396809,8434380,6990537]},
  {"id":59360,"name":"Seagull Nest","type":10,"category":2317,"actions":["Chart"],"coordinates":[[11680,38454]],"size":[1,1,523],"rotations":[0],"colors":[7122329,6396809,8434380,6990537]}
]