[
  {"id":51762,"name":"Tree","type":10,"category":189,"actions":["Chop down"],"coordinates":[[11522,38012],[11526,38020],[11526,37964],[11530,37984]],"size":[2,2,523],"rotations":[0,0,0,0],"colors":[7122329,6396809,8434380,6990537]},
  {"id":57216,"name":"Cave","type":10,"category":0,"actions":[],"coordinates":[[11544,38004]],"size":[6,3,523],"rotations":[3],"colors":[7122329,6396809,8434380,6990537]},
  {"id":52488,"name":"Brazier","type":10,"category":0,"actions":[],"coordinates":[[11544,38018],[11544,37990]],"size":[1,1,523],"rotations":[0,0],"colors":[7122329,6396809,8434380,6990537]},
  {"id":51758,"name":"Landing Spot","type":10,"category":0,"actions":[],"coordinates":[[11580,38004]],"size":[2,3,523],"rotations":[3],"colors":[7122329,6396809,8434380,6990537]}
]