[
  {"id":9316,"name":"Door","type":0,"category":0,"actions":["Open"],"coordinates":[[11620,30342]],"size":[1,1,523],"rotations":[0],"colors":[7122329,6396809,8434380,6990537]},
  {"id":9317,"name":"Door","type":0,"category":0,"actions":["Open"],"coordinates":[[11620,30310]],"size":[1,1,523],"rotations":[0],"colors":[7122329,6396809,8434380,6990537]},
  {"id":9328,"name":"Coat rack","type":10,"category":0,"actions":[],"coordinates":[[11624,30352]],"size":[2,1,523],"rotations":[3],"colors":[7122329,6396809,8434380,6990537]},
  {"id":9326,"name":"Work board","type":4,"category":0,"actions":[],"coordinates":[[11624,30330]],"size":[1,1,523],"rotations":[0],"colors":[7122329,6396809,8434380,6990537]},
  {"id":9325,"name":"Students' art","type":4,"category":0,"actions":[],"coordinates":[[11624,30318]],"size":[1,1,523],"rotations":[0],"colors":[7122329,6396809,8434380,6990537]},
  {"id":9332,"name":"Rat wheel","type":10,"category":0,"actions":[],"coordinates":[[11626,30302]],"size":[1,2,523],"rotations":[1],"colors":[7122329,6396809,8434380,6990537]},
  {"id":9327,"name":"Work board","type":4,"category":0,"actions":[],"coordinates":[[11628,30358]],"size":[1,1,523],"rotations":[0],"colors":[7122329,6396809,8434380,6990537]},
  {"id":9329,"name":"Wardrobe","type":10,"category":0,"actions":[],"coordinates":[[11632,30302],[11656,30330]],"size":[1,1,523],"rotations":[0,0],"colors":[7122329,6396809,8434380,6990537]},
  {"id":9334,"name":"Blackboard","type":10,"category":0,"actions":[],"coordinates":[[11640,30358]],"size":[1,3,523],"rotations":[1],"colors":[7122329,6396809,8434380,6990537]},
  {"id":9318,"name":"Door","type":0,"category":0,"actions":["Open"],"coordinates":[[11640,30298]],"size":[1,1,523],"rotations":[0],"colors":[7122329,6396809,8434380,6990537]},
  {"id":9335,"name":"Empty desk","type":10,"category":0,"actions":[],"coordinates":[[11646,30312]],"size":[2,2,523],"rotations":[0],"colors":[7122329,6396809,8434380,6990537]},
  {"id":9333,"name":"Rocking unicorn","type":10,"category":0,"actions":[],"coordinates":[[11646,30302]],"size":[1,2,523],"rotations":[1],"colors":[7122329,6396809,8434380,6990537]},
  {"id":9324,"name":"Toy corner","type":10,"category":0,"actions":[],"coordinates":[[11654,30304]],"size":[2,2,523],"rotations":[0],"colors":[7122329,6396809,8434380,6990537]},
  {"id":9331,"name":"Drawers","type":10,"category":0,"actions":[],"coordinates":[[11656,30334],[11656,30326]],"size":[1,1,523],"rotations":[0,0],"colors":[7122329,6396809,8434380,6990537]},
  {"id":9330,"name":"Drawers","type":10,"category":0,"actions":[],"coordinates":[[11656,30322]],"size":[1,1,523],"rotations":[0],"colors":[7122329,6396809,8434380,6990537]},
  {"id":9319,"name":"Door","type":0,"category":0,"actions":["Open"],"coordinates":[[11660,30354]],"size":[1,1,523],"rotations":[0],"colors":[7122329,6396809,8434380,6990537]}
]