[
  {"id":9519,"name":"Barrel","type":10,"category":0,"actions":[],"coordinates":[[11624,31138],[11632,31134],[11632,31130],[11668,31130],[11676,31122]],"size":[1,1,523],"rotations":[0,0,0,0,0],"colors":[7122329,6396809,8434380,6990537]},
  {"id":59928,"name":"Ship's wheel","type":10,"category":0,"actions":[],"coordinates":[[11624,31130]],"size":[1,1,523],"rotations":[0],"colors":[7122329,6396809,8434380,6990537]},
  {"id":59912,"name":"Unfurled sail","type":10,"category":0,"actions":[],"coordinates":[[11628,31130],[11684,31130]],"size":[1,1,523],"rotations":[0,0],"colors":[7122329,6396809,8434380,6990537]},
  {"id":4060,"name":"Ship's ladder","type":10,"category":0,"actions":["Climb-up"],"coordinates":[[11632,31126],[11668,31134]],"size":[1,1,523],"rotations":[0,0],"colors":[7122329,6396809,8434380,6990537]},
  {"id":969,"name":"Fishing net","type":4,"category":0,"actions":[],"coordinates":[[11632,31118],[11636,31142],[11636,31118],[11640,31118],[11648,31142],[11652,31142],[11652,31118],[11656,31142],[11656,31118],[11664,31142]],"size":[1,1,523],"rotations":[0,0,0,0,0,0,0,0,0,0],"colors":[7122329,6396809,8434380,6990537]},
  {"id":255,"name":"Winch","type":10,"category":0,"actions":["Operate"],"coordinates":[[11668,31126]],"size":[1,1,523],"rotations":[0],"colors":[7122329,6396809,8434380,6990537]},
  {"id":41410,"name":"Axes","type":10,"category":0,"actions":["Take"],"coordinates":[[11672,31122]],"size":[1,1,523],"rotations":[0],"colors":[7122329,6396809,8434380,6990537]},
  {"id":41408,"name":"Bailing buckets","type":10,"category":0,"actions":["Take","Take-5","Take-10","Take-X"],"coordinates":[[11676,31138]],"size":[1,1,523],"rotations":[0],"colors":[7122329,6396809,8434380,6990537]},
  {"id":41409,"name":"Hammers","type":10,"category":0,"actions":["Take"],"coordinates":[[11680,31138]],"size":[1,1,523],"rotations":[0],"colors":[7122329,6396809,8434380,6990537]},
  {"id":59905,"name":"Figurehead","type":10,"category":0,"actions":[],"coordinates":[[11688,31130]],"size":[1,1,523],"rotations":[0],"colors":[7122329,6396809,8434380,6990537]},
  {"id":59910,"name":"Hoisted sail","type":10,"category":0,"actions":[],"coordinates":[[11702,31130]],"size":[8,1,523],"rotations":[2],"colors":[7122329,6396809,8434380,6990537]}
]