[
  {"id":20233,"name":"Poison crater","type":10,"category":0,"actions":["Dunk"],"coordinates":[[11560,28806],[11568,28826],[11568,28774],[11592,28858],[11684,28858],[11696,28830],[11700,28774],[11728,28798]],"size":[1,1,523],"rotations":[0,0,0,0,0,0,0,0],"colors":[7122329,6396809,8434380,6990537]},
  {"id":20235,"name":"Poison crater","type":10,"category":0,"actions":["Dunk"],"coordinates":[[11562,28796],[11578,28836],[11706,28824],[11714,28780]],"size":[2,2,523],"rotations":[0,0,0,0],"colors":[7122329,6396809,8434380,6990537]},
  {"id":20234,"name":"Lava crater","type":10,"category":0,"actions":["Dunk"],"coordinates":[[11566,28816],[11578,28768],[11674,28856],[11702,28764],[11722,28804]],"size":[2,2,523],"rotations":[0,0,0,0,0],"colors":[7122329,6396809,8434380,6990537]},
  {"id":20232,"name":"Lava crater","type":10,"category":0,"actions":["Dunk"],"coordinates":[[11568,28786],[11580,28826],[11584,28850],[11584,28754],[11700,28754],[11716,28818],[11720,28790]],"size":[1,1,523],"rotations":[0,0,0,0,0,0,0],"colors":[7122329,6396809,8434380,6990537]},
  {"id":20250,"name":"Petrified mushroom","type":10,"category":0,"actions":["Get-Spikes"],"coordinates":[[11572,28810],[11572,28790],[11576,28778],[11588,28842],[11592,28762],[11600,28850],[11612,28858],[11664,28858],[11680,28846],[11692,28826],[11696,28842],[11704,28814],[11708,28770],[11716,28798]],"size":[1,1,523],"rotations":[0,0,0,0,0,0,0,0,0,0,0,0,0,0],"colors":[7122329,6396809,8434380,6990537]},
  {"id":20237,"name":"Penance cave","type":10,"category":0,"actions":["Block"],"coordinates":[[11592,28736],[11616,28732],[11664,28732],[11688,28736]],"size":[3,2,523],"rotations":[0,0,0,0],"colors":[7122329,6396809,8434380,6990537]},
  {"id":20194,"name":"Ladder","type":10,"category":0,"actions":["Climb-up"],"coordinates":[[11604,28862]],"size":[1,1,523],"rotations":[0],"colors":[7122329,6396809,8434380,6990537]},
  {"id":20133,"name":"Egg launcher","type":22,"category":0,"actions":["Shoot"],"coordinates":[[11604,28790]],"size":[1,1,523],"rotations":[0],"colors":[7122329,6396809,8434380,6990537]},
  {"id":20264,"name":"Egg hopper","type":10,"category":0,"actions":["Load","Look-in"],"coordinates":[[11608,28790]],"size":[1,1,523],"rotations":[0],"colors":[7122329,6396809,8434380,6990537]},
  {"id":20150,"name":"Healer spring","type":10,"category":0,"actions":["Drink-from","Take-from"],"coordinates":[[11624,28870],[11624,28866],[11628,28870],[11628,28866]],"size":[1,1,523],"rotations":[0,0,0,0],"colors":[7122329,6396809,8434380,6990537]},
  {"id":20151,"name":"Lure cave","type":10,"category":0,"actions":[],"coordinates":[[11642,28876]],"size":[4,2,523],"rotations":[2],"colors":[7122329,6396809,8434380,6990537]},
  {"id":20241,"name":"Attacker item machine","type":10,"category":0,"actions":["Take-Arrows","Take-Runes"],"coordinates":[[11652,28870]],"size":[1,1,523],"rotations":[0],"colors":[7122329,6396809,8434380,6990537]},
  {"id":20242,"name":"Defender item machine","type":10,"category":0,"actions":["Stock-Up","Take-Crackers","Take-Tofu","Take-Worms"],"coordinates":[[11656,28870]],"size":[1,1,523],"rotations":[0],"colors":[7122329,6396809,8434380,6990537]},
  {"id":20243,"name":"Healer item machine","type":10,"category":0,"actions":["Stock-Up","Take-Vial","Take-Tofu","Take-Worms","Take-Meat"],"coordinates":[[11660,28870]],"size":[1,1,523],"rotations":[0],"colors":[7122329,6396809,8434380,6990537]},
  {"id":21250,"name":"Collector Converter","type":10,"category":0,"actions":["Convert"],"coordinates":[[11664,28870]],"size":[1,1,523],"rotations":[0],"colors":[7122329,6396809,8434380,6990537]},
  {"id":20247,"name":"Horn of glory","type":10,"category":0,"actions":["Call"],"coordinates":[[11718,28846]],"size":[1,2,523],"rotations":[1],"colors":[7122329,6396809,8434380,6990537]}
]