[
  {"id":817,"name":"Suit of armour","type":10,"category":0,"actions":[],"coordinates":[[11532,29162],[11532,29110],[11532,29066],[11532,29014],[11568,29150],[11568,29126],[11568,29054],[11568,29030]],"size":[1,1,523],"rotations":[0,0,0,0,0,0,0,0],"colors":[7122329,6396809,8434380,6990537]},
  {"id":5555,"name":"Hanging tapestry","type":5,"category":0,"actions":[],"coordinates":[[11532,29146],[11532,29130],[11532,29050],[11532,29034],[11544,29106],[11544,29010],[11556,29106],[11556,29010]],"size":[1,1,523],"rotations":[0,0,0,0,0,0,0,0],"colors":[7122329,6396809,8434380,6990537]},
  {"id":5791,"name":"Statue","type":10,"category":0,"actions":[],"coordinates":[[11532,29146],[11532,29130],[11532,29050],[11532,29034]],"size":[1,1,523],"rotations":[0,0,0,0],"colors":[7122329,6396809,8434380,6990537]},
  {"id":24970,"name":"Fireplace","type":10,"category":152,"actions":[],"coordinates":[[11532,29138],[11532,29042]],"size":[1,3,523],"rotations":[0,0],"colors":[7122329,6396809,8434380,6990537]},
  {"id":891,"name":"Landscape","type":5,"category":0,"actions":[],"coordinates":[[11536,29106],[11536,29010]],"size":[1,1,523],"rotations":[0,0],"colors":[7122329,6396809,8434380,6990537]},
  {"id":12348,"name":"Door","type":0,"category":0,"actions":["Open"],"coordinates":[[11540,29166]],"size":[1,1,523],"rotations":[0],"colors":[7122329,6396809,8434380,6990537]},
  {"id":12351,"name":"Barrier","type":10,"category":0,"actions":["Pass-through"],"coordinates":[[11540,29166]],"size":[1,1,523],"rotations":[0],"colors":[7122329,6396809,8434380,6990537]},
  {"id":1543,"name":"Door","type":0,"category":0,"actions":["Open"],"coordinates":[[11540,29070]],"size":[1,1,523],"rotations":[0],"colors":[7122329,6396809,8434380,6990537]},
  {"id":12318,"name":"Chair","type":10,"category":0,"actions":[],"coordinates":[[11544,29154],[11544,29126]],"size":[1,1,523],"rotations":[0,0],"colors":[7122329,6396809,8434380,6990537]},
  {"id":12330,"name":"Dwarf","type":10,"category":0,"actions":["Inspect"],"coordinates":[[11544,29146]],"size":[1,1,523],"rotations":[0],"colors":[7122329,6396809,8434380,6990537]},
  {"id":12337,"name":"Pirate Pete","type":10,"category":0,"actions":["Inspect"],"coordinates":[[11544,29138]],"size":[1,1,523],"rotations":[0],"colors":[7122329,6396809,8434380,6990537]},
  {"id":12332,"name":"General Bentnoze","type":10,"category":0,"actions":["Inspect"],"coordinates":[[11544,29130]],"size":[1,1,523],"rotations":[0],"colors":[7122329,6396809,8434380,6990537]},
  {"id":12334,"name":"General Wartface","type":10,"category":0,"actions":["Inspect"],"coordinates":[[11544,29122]],"size":[1,1,523],"rotations":[0],"colors":[7122329,6396809,8434380,6990537]},
  {"id":12313,"name":"Chair","type":10,"category":0,"actions":[],"coordinates":[[11544,29030]],"size":[1,1,523],"rotations":[0],"colors":[7122329,6396809,8434380,6990537]},
  {"id":12317,"name":"Banquet table","type":10,"category":0,"actions":[],"coordinates":[[11550,29152],[11550,29056]],"size":[2,2,523],"rotations":[0,0],"colors":[7122329,6396809,8434380,6990537]},
  {"id":12316,"name":"Banquet table","type":10,"category":0,"actions":[],"coordinates":[[11550,29144],[11550,29048]],"size":[2,2,523],"rotations":[0,0],"colors":[7122329,6396809,8434380,6990537]},
  {"id":12315,"name":"Banquet table","type":10,"category":0,"actions":[],"coordinates":[[11550,29134],[11550,29038]],"size":[3,2,523],"rotations":[1,1],"colors":[7122329,6396809,8434380,6990537]},
  {"id":12314,"name":"Banquet table","type":10,"category":0,"actions":[],"coordinates":[[11550,29124],[11550,29028]],"size":[2,2,523],"rotations":[0,0],"colors":[7122329,6396809,8434380,6990537]},
  {"id":12343,"name":"Skrach Uglogwee","type":10,"category":0,"actions":["Inspect"],"coordinates":[[11550,29116]],"size":[2,2,523],"rotations":[0],"colors":[7122329,6396809,8434380,6990537]},
  {"id":12347,"name":"Awowogei","type":10,"category":0,"actions":["Inspect"],"coordinates":[[11556,29154]],"size":[1,1,523],"rotations":[0],"colors":[7122329,6396809,8434380,6990537]},
  {"id":12345,"name":"Sir Amik Varze","type":10,"category":0,"actions":["Inspect"],"coordinates":[[11556,29146]],"size":[1,1,523],"rotations":[0],"colors":[7122329,6396809,8434380,6990537]},
  {"id":12341,"name":"Evil Dave","type":10,"category":0,"actions":["Inspect"],"coordinates":[[11556,29138]],"size":[1,1,523],"rotations":[0],"colors":[7122329,6396809,8434380,6990537]},
  {"id":12339,"name":"Lumbridge Guide","type":10,"category":0,"actions":["Inspect"],"coordinates":[[11556,29130]],"size":[1,1,523],"rotations":[0],"colors":[7122329,6396809,8434380,6990537]},
  {"id":12353,"name":"Barrier","type":10,"category":0,"actions":["Pass-through"],"coordinates":[[11564,29138]],"size":[1,1,523],"rotations":[0],"colors":[7122329,6396809,8434380,6990537]},
  {"id":12352,"name":"Barrier","type":10,"category":0,"actions":["Pass-through"],"coordinates":[[11564,29134]],"size":[1,1,523],"rotations":[0],"colors":[7122329,6396809,8434380,6990537]},
  {"id":890,"name":"Portrait","type":5,"category":0,"actions":[],"coordinates":[[11564,29106],[11564,29010]],"size":[1,1,523],"rotations":[0,0],"colors":[7122329,6396809,8434380,6990537]},
  {"id":202,"name":"Candles","type":10,"category":0,"actions":[],"coordinates":[[11568,29162],[11568,29114],[11568,29066],[11568,29018]],"size":[1,1,523],"rotations":[0,0,0,0],"colors":[7122329,6396809,8434380,6990537]},
  {"id":5556,"name":"Hanging tapestry","type":5,"category":0,"actions":[],"coordinates":[[11568,29154],[11568,29122],[11568,29058],[11568,29026]],"size":[1,1,523],"rotations":[0,0,0,0],"colors":[7122329,6396809,8434380,6990537]},
  {"id":12350,"name":"Large door","type":0,"category":0,"actions":["Open"],"coordinates":[[11568,29138]],"size":[1,1,523],"rotations":[0],"colors":[7122329,6396809,8434380,6990537]},
  {"id":12349,"name":"Large door","type":0,"category":0,"actions":["Open"],"coordinates":[[11568,29134]],"size":[1,1,523],"rotations":[0],"colors":[7122329,6396809,8434380,6990537]},
  {"id":1524,"name":"Large door","type":0,"category":0,"actions":["Open"],"coordinates":[[11568,29042]],"size":[1,1,523],"rotations":[0],"colors":[7122329,6396809,8434380,6990537]},
  {"id":1521,"name":"Large door","type":0,"category":0,"actions":["Open"],"coordinates":[[11568,29038]],"size":[1,1,523],"rotations":[0],"colors":[7122329,6396809,8434380,6990537]}
]