[
  {"id":892,"name":"Painting","type":4,"category":0,"actions":[],"coordinates":[[11532,29882]],"size":[1,1,523],"rotations":[0],"colors":[7122329,6396809,8434380,6990537]},
  {"id":891,"name":"Landscape","type":4,"category":0,"actions":[],"coordinates":[[11540,29894],[11540,29874]],"size":[1,1,523],"rotations":[0,0],"colors":[7122329,6396809,8434380,6990537]},
  {"id":20817,"name":"Door","type":0,"category":167,"actions":["Open"],"coordinates":[[11552,29922],[11552,29882]],"size":[1,1,523],"rotations":[0,0],"colors":[7122329,6396809,8434380,6990537]},
  {"id":890,"name":"Portrait","type":5,"category":0,"actions":[],"coordinates":[[11552,29890]],"size":[1,1,523],"rotations":[0],"colors":[7122329,6396809,8434380,6990537]},
  {"id":20827,"name":"Barrel","type":10,"category":0,"actions":[],"coordinates":[[11556,29894],[11564,29874],[11576,29938],[11584,29874],[11596,29878]],"size":[1,1,523],"rotations":[0,0,0,0,0],"colors":[7122329,6396809,8434380,6990537]},
  {"id":20834,"name":"Sack Pile","type":10,"category":0,"actions":[],"coordinates":[[11556,29888],[11578,29874]],"size":[2,1,523],"rotations":[1,2],"colors":[7122329,6396809,8434380,6990537]},
  {"id":20826,"name":"Rack of barrels","type":10,"category":0,"actions":[],"coordinates":[[11556,29874],[11560,29874],[11588,29874],[11592,29874],[11596,29874]],"size":[1,1,523],"rotations":[0,0,0,0,0],"colors":[7122329,6396809,8434380,6990537]},
  {"id":20820,"name":"Crates","type":10,"category":0,"actions":[],"coordinates":[[11568,29938],[11572,29938],[11592,29938],[11596,29938]],"size":[1,1,523],"rotations":[0,0,0,0],"colors":[7122329,6396809,8434380,6990537]},
  {"id":20835,"name":"Sack Pile","type":10,"category":0,"actions":[],"coordinates":[[11568,29874]],"size":[1,1,523],"rotations":[0],"colors":[7122329,6396809,8434380,6990537]},
  {"id":20825,"name":"Junk","type":10,"category":0,"actions":[],"coordinates":[[11572,29874],[11596,29886]],"size":[1,1,523],"rotations":[0,0],"colors":[7122329,6396809,8434380,6990537]},
  {"id":20811,"name":"Evil claw","type":10,"category":0,"actions":[],"coordinates":[[11576,29902]],"size":[1,1,523],"rotations":[0],"colors":[7122329,6396809,8434380,6990537]},
  {"id":20813,"name":"Control panel","type":10,"category":0,"actions":["Use"],"coordinates":[[11576,29890]],"size":[1,1,523],"rotations":[0],"colors":[7122329,6396809,8434380,6990537]},
  {"id":20828,"name":"Barrow","type":10,"category":0,"actions":[],"coordinates":[[11582,29938]],"size":[2,1,523],"rotations":[2],"colors":[7122329,6396809,8434380,6990537]},
  {"id":20823,"name":"Crates","type":11,"category":0,"actions":[],"coordinates":[[11588,29938]],"size":[1,1,523],"rotations":[0],"colors":[7122329,6396809,8434380,6990537]},
  {"id":20824,"name":"Cogs","type":10,"category":0,"actions":[],"coordinates":[[11592,29894],[11596,29890]],"size":[1,1,523],"rotations":[0,0],"colors":[7122329,6396809,8434380,6990537]},
  {"id":20821,"name":"Crate","type":10,"category":0,"actions":[],"coordinates":[[11596,29882]],"size":[1,1,523],"rotations":[0],"colors":[7122329,6396809,8434380,6990537]}
]