[
  {"id":20237,"name":"Penance cave","type":10,"category":0,"actions":["Block"],"coordinates":[[11592,28480],[11616,28476],[11664,28476],[11688,28480]],"size":[3,2,523],"rotations":[0,0,0,0],"colors":[7122329,6396809,8434380,6990537]},
  {"id":20194,"name":"Ladder","type":10,"category":0,"actions":["Climb-up"],"coordinates":[[11604,28606]],"size":[1,1,523],"rotations":[0],"colors":[7122329,6396809,8434380,6990537]},
  {"id":20133,"name":"Egg launcher","type":22,"category":0,"actions":["Shoot"],"coordinates":[[11604,28534],[11680,28534]],"size":[1,1,523],"rotations":[0,0],"colors":[7122329,6396809,8434380,6990537]},
  {"id":20264,"name":"Egg hopper","type":10,"category":0,"actions":["Load","Look-in"],"coordinates":[[11608,28534],[11684,28534]],"size":[1,1,523],"rotations":[0,0],"colors":[7122329,6396809,8434380,6990537]},
  {"id":20150,"name":"Healer spring","type":10,"category":0,"actions":["Drink-from","Take-from"],"coordinates":[[11624,28614],[11624,28610],[11628,28614],[11628,28610]],"size":[1,1,523],"rotations":[0,0,0,0],"colors":[7122329,6396809,8434380,6990537]},
  {"id":20151,"name":"Lure cave","type":10,"category":0,"actions":[],"coordinates":[[11642,28620]],"size":[4,2,523],"rotations":[2],"colors":[7122329,6396809,8434380,6990537]},
  {"id":20241,"name":"Attacker item machine","type":10,"category":0,"actions":["Take-Arrows","Take-Runes"],"coordinates":[[11652,28614]],"size":[1,1,523],"rotations":[0],"colors":[7122329,6396809,8434380,6990537]},
  {"id":20242,"name":"Defender item machine","type":10,"category":0,"actions":["Stock-Up","Take-Crackers","Take-Tofu","Take-Worms"],"coordinates":[[11656,28614]],"size":[1,1,523],"rotations":[0],"colors":[7122329,6396809,8434380,6990537]},
  {"id":20243,"name":"Healer item machine","type":10,"category":0,"actions":["Stock-Up","Take-Vial","Take-Tofu","Take-Worms","Take-Meat"],"coordinates":[[11660,28614]],"size":[1,1,523],"rotations":[0],"colors":[7122329,6396809,8434380,6990537]},
  {"id":21250,"name":"Collector Converter","type":10,"category":0,"actions":["Convert"],"coordinates":[[11664,28614]],"size":[1,1,523],"rotations":[0],"colors":[7122329,6396809,8434380,6990537]},
  {"id":20247,"name":"Horn of glory","type":10,"category":0,"actions":["Call"],"coordinates":[[11718,28590]],"size":[1,2,523],"rotations":[1],"colors":[7122329,6396809,8434380,6990537]}
]