[
  {"id":29141,"name":"Adventure log space","type":10,"category":207,"actions":["Build"],"coordinates":[[11554,27388]],"size":[2,2,523],"rotations":[0],"colors":[7122329,6396809,8434380,6990537]},
  {"id":29143,"name":"Boss lair space","type":10,"category":207,"actions":["Build"],"coordinates":[[11556,27366]],"size":[3,3,523],"rotations":[0],"colors":[7122329,6396809,8434380,6990537]},
  {"id":29144,"name":"Display space","type":10,"category":207,"actions":["Build"],"coordinates":[[11578,27364]],"size":[2,2,523],"rotations":[0],"colors":[7122329,6396809,8434380,6990537]},
  {"id":13830,"name":"Window","type":0,"category":0,"actions":[],"coordinates":[[11616,27382],[11616,27370],[11624,27390],[11624,27362],[11636,27390],[11636,27362],[11644,27382],[11644,27370]],"size":[1,1,523],"rotations":[0,0,0,0,0,0,0,0],"colors":[7122329,6396809,8434380,6990537]},
  {"id":33351,"name":"Curtain space","type":5,"category":207,"actions":["Build"],"coordinates":[[11616,27382],[11616,27370],[11624,27390],[11624,27362],[11636,27390],[11636,27362],[11644,27382],[11644,27370]],"size":[1,1,523],"rotations":[0,0,0,0,0,0,0,0],"colors":[7122329,6396809,8434380,6990537]},
  {"id":33346,"name":"Portal Nexus space","type":10,"category":207,"actions":["Build"],"coordinates":[[11630,27376]],"size":[2,2,523],"rotations":[0],"colors":[7122329,6396809,8434380,6990537]},
  {"id":41030,"name":"Statue space","type":11,"category":207,"actions":["Build"],"coordinates":[[11682,27388]],"size":[2,2,523],"rotations":[0],"colors":[7122329,6396809,8434380,6990537]},
  {"id":41028,"name":"Banner stand space","type":11,"category":207,"actions":["Build"],"coordinates":[[11680,27362]],"size":[1,1,523],"rotations":[0],"colors":[7122329,6396809,8434380,6990537]},
  {"id":41024,"name":"Pedestal space","type":10,"category":207,"actions":["Build"],"coordinates":[[11686,27364]],"size":[2,2,523],"rotations":[0],"colors":[7122329,6396809,8434380,6990537]},
  {"id":41025,"name":"Pedestal space","type":10,"category":207,"actions":["Build"],"coordinates":[[11694,27364]],"size":[2,2,523],"rotations":[0],"colors":[7122329,6396809,8434380,6990537]},
  {"id":41026,"name":"Pedestal space","type":10,"category":207,"actions":["Build"],"coordinates":[[11702,27364]],"size":[2,2,523],"rotations":[0],"colors":[7122329,6396809,8434380,6990537]},
  {"id":41027,"name":"Trophy case space","type":11,"category":207,"actions":["Build"],"coordinates":[[11706,27388]],"size":[2,2,523],"rotations":[0],"colors":[7122329,6396809,8434380,6990537]},
  {"id":41029,"name":"Outfit stand space","type":11,"category":207,"actions":["Build"],"coordinates":[[11708,27362]],"size":[1,1,523],"rotations":[0],"colors":[7122329,6396809,8434380,6990537]}
]