[
  {"id":12246,"name":"Skeleton","type":10,"category":0,"actions":[],"coordinates":[[11808,12646]],"size":[1,1,523],"rotations":[0],"colors":[7122329,6396809,8434380,6990537]},
  {"id":40742,"name":"Dark Chest","type":10,"category":0,"actions":["Open","Check"],"coordinates":[[11808,12638],[11812,12646],[11812,12634],[11816,12646]],"size":[1,1,523],"rotations":[0,0,0,0],"colors":[7122329,6396809,8434380,6990537]},
  {"id":40229,"name":"Campbed","type":11,"category":0,"actions":[],"coordinates":[[11818,12636]],"size":[2,2,523],"rotations":[0],"colors":[7122329,6396809,8434380,6990537]},
  {"id":9562,"name":"Cell door","type":0,"category":0,"actions":["Open"],"coordinates":[[11824,12642]],"size":[1,1,523],"rotations":[0],"colors":[7122329,6396809,8434380,6990537]},
  {"id":40744,"name":"Barrel","type":10,"category":0,"actions":[],"coordinates":[[11832,12650],[11832,12622],[11832,12618],[11836,12650],[11836,12618],[11848,12646],[11852,12646],[11852,12642]],"size":[1,1,523],"rotations":[0,0,0,0,0,0,0,0],"colors":[7122329,6396809,8434380,6990537]},
  {"id":12247,"name":"Skeleton","type":10,"category":0,"actions":[],"coordinates":[[11832,12626]],"size":[1,1,523],"rotations":[0],"colors":[7122329,6396809,8434380,6990537]},
  {"id":1796,"name":"Wall","type":0,"category":0,"actions":["Inspect"],"coordinates":[[11840,12654]],"size":[1,1,523],"rotations":[0],"colors":[7122329,6396809,8434380,6990537]},
  {"id":24333,"name":"Table","type":10,"category":156,"actions":[],"coordinates":[[11840,12636]],"size":[2,1,523],"rotations":[1],"colors":[7122329,6396809,8434380,6990537]},
  {"id":30196,"name":"Chain","type":10,"category":0,"actions":[],"coordinates":[[11844,12618]],"size":[1,1,523],"rotations":[0],"colors":[7122329,6396809,8434380,6990537]},
  {"id":40746,"name":"Ladder","type":10,"category":0,"actions":["Climb-up"],"coordinates":[[11860,12626]],"size":[1,1,523],"rotations":[0],"colors":[7122329,6396809,8434380,6990537]}
]