[
  {"id":60174,"name":"Opening","type":10,"category":0,"actions":["Exit"],"coordinates":[[11828,12348]],"size":[5,2,523],"rotations":[0],"colors":[7122329,6396809,8434380,6990537]},
  {"id":60177,"name":"minotaurs_rest_cave_wall_upper","type":0,"category":0,"actions":[],"coordinates":[[11824,12346],[11828,12346],[11832,12346]],"size":[1,1,523],"rotations":[0,0,0],"colors":[7122329,6396809,8434380,6990537]},
  {"id":60179,"name":"Fire","type":10,"category":152,"actions":[],"coordinates":[[11896,12398]],"size":[3,3,523],"rotations":[0],"colors":[7122329,6396809,8434380,6990537]},
  {"id":60180,"name":"Table","type":11,"category":0,"actions":[],"coordinates":[[11916,12390]],"size":[3,3,523],"rotations":[0],"colors":[7122329,6396809,8434380,6990537]},
  {"id":60181,"name":"Bed","type":11,"category":0,"actions":[],"coordinates":[[11926,12460],[11950,12444],[11950,12392],[11966,12424]],"size":[4,4,523],"rotations":[0,0,0,0],"colors":[7122329,6396809,8434380,6990537]}
]