[
  {"id":8952,"name":"Rock","type":10,"category":0,"actions":[],"coordinates":[[11802,32960]],"size":[2,2,523],"rotations":[0],"colors":[7122329,6396809,8434380,6990537]},
  {"id":8950,"name":"Rock","type":10,"category":0,"actions":[],"coordinates":[[11814,32972],[11922,32992]],"size":[2,2,523],"rotations":[0,0],"colors":[7122329,6396809,8434380,6990537]},
  {"id":10179,"name":"Standing Torch","type":10,"category":0,"actions":[],"coordinates":[[11824,32998],[11836,32982],[11848,33006],[11896,33006],[11896,32982],[11944,32950]],"size":[1,1,523],"rotations":[0,0,0,0,0,0],"colors":[7122329,6396809,8434380,6990537]},
  {"id":10217,"name":"Ladder","type":10,"category":0,"actions":["Climb-up"],"coordinates":[[11924,32946]],"size":[1,1,523],"rotations":[0],"colors":[7122329,6396809,8434380,6990537]},
  {"id":8951,"name":"Rock","type":10,"category":0,"actions":[],"coordinates":[[11940,32982]],"size":[1,1,523],"rotations":[0],"colors":[7122329,6396809,8434380,6990537]}
]