[
  {"id":60003,"name":"Lockbox","type":10,"category":0,"actions":["Open"],"coordinates":[[11848,34162]],"size":[1,1,523],"rotations":[0],"colors":[7122329,6396809,8434380,6990537]},
  {"id":58595,"name":"Rockslide","type":10,"category":0,"actions":[],"coordinates":[[11854,34160],[11862,34144],[11862,34132]],"size":[2,2,523],"rotations":[0,0,0],"colors":[7122329,6396809,8434380,6990537]},
  {"id":58596,"name":"Rockslide","type":10,"category":0,"actions":[],"coordinates":[[11858,34128],[11866,34112],[11874,34156],[11894,34124],[11906,34140],[11914,34164]],"size":[2,2,523],"rotations":[0,0,0,0,0,0],"colors":[7122329,6396809,8434380,6990537]},
  {"id":23252,"name":"Wreck","type":11,"category":0,"actions":[],"coordinates":[[11860,34182]],"size":[1,1,523],"rotations":[0],"colors":[7122329,6396809,8434380,6990537]},
  {"id":58593,"name":"Rockslide","type":10,"category":0,"actions":[],"coordinates":[[11862,34160]],"size":[2,2,523],"rotations":[0],"colors":[7122329,6396809,8434380,6990537]},
  {"id":58594,"name":"Rockslide","type":10,"category":0,"actions":[],"coordinates":[[11866,34152],[11870,34164],[11902,34156],[11906,34148],[11906,34128]],"size":[2,2,523],"rotations":[0,0,0,0,0],"colors":[7122329,6396809,8434380,6990537]},
  {"id":60518,"name":"Reinforced chest","type":10,"category":2350,"actions":["Picklock"],"coordinates":[[11864,34138]],"size":[1,1,523],"rotations":[0],"colors":[7122329,6396809,8434380,6990537]},
  {"id":42389,"name":"Pine tree","type":10,"category":0,"actions":[],"coordinates":[[11864,34130],[11868,34114],[11872,34154],[11880,34174],[11892,34154],[11900,34122],[11924,34182],[11928,34166]],"size":[1,1,523],"rotations":[0,0,0,0,0,0,0,0],"colors":[7122329,6396809,8434380,6990537]},
  {"id":25464,"name":"Potential fire","type":10,"category":0,"actions":[],"coordinates":[[11868,34178]],"size":[1,1,523],"rotations":[0],"colors":[7122329,6396809,8434380,6990537]},
  {"id":1291,"name":"Dead tree","type":10,"category":189,"actions":["Chop down"],"coordinates":[[11868,34174],[11876,34146],[11908,34182],[11908,34134]],"size":[1,1,523],"rotations":[0,0,0,0],"colors":[7122329,6396809,8434380,6990537]},
  {"id":11433,"name":"Rockslide","type":10,"category":0,"actions":[],"coordinates":[[11870,34120],[11874,34112],[11890,34112]],"size":[2,2,523],"rotations":[0,0,0],"colors":[7122329,6396809,8434380,6990537]},
  {"id":43937,"name":"Skeleton","type":10,"category":0,"actions":[],"coordinates":[[11872,34174]],"size":[1,1,523],"rotations":[0],"colors":[7122329,6396809,8434380,6990537]},
  {"id":60011,"name":"Cave","type":10,"category":0,"actions":["Inspect"],"coordinates":[[11880,34114]],"size":[3,3,523],"rotations":[0],"colors":[7122329,6396809,8434380,6990537]},
  {"id":11432,"name":"Rockslide","type":10,"category":0,"actions":[],"coordinates":[[11882,34108],[11890,34120]],"size":[2,2,523],"rotations":[0,0],"colors":[7122329,6396809,8434380,6990537]},
  {"id":1297,"name":"Fallen tree","type":11,"category":0,"actions":[],"coordinates":[[11892,34172]],"size":[3,2,523],"rotations":[2],"colors":[7122329,6396809,8434380,6990537]},
  {"id":59834,"name":"Mooring point","type":10,"category":2340,"actions":["Board","Board-previous","Board-friend"],"coordinates":[[11912,34210]],"size":[1,1,523],"rotations":[0],"colors":[7122329,6396809,8434380,6990537]},
  {"id":59826,"name":"Buoy","type":10,"category":2339,"actions":["Dock"],"coordinates":[[11946,34216]],"size":[2,2,523],"rotations":[0],"colors":[7122329,6396809,8434380,6990537]}
]