[
  {"id":18702,"name":"Door","type":0,"category":0,"actions":["Open"],"coordinates":[[11876,29858]],"size":[1,1,523],"rotations":[0],"colors":[7122329,6396809,8434380,6990537]},
  {"id":18703,"name":"Door","type":0,"category":0,"actions":["Open"],"coordinates":[[11876,29854]],"size":[1,1,523],"rotations":[0],"colors":[7122329,6396809,8434380,6990537]},
  {"id":11191,"name":"Rockslide","type":10,"category":0,"actions":[],"coordinates":[[11882,29880],[11882,29872],[11886,29888],[11898,29876],[11898,29868]],"size":[2,2,523],"rotations":[0,0,0,0,0],"colors":[7122329,6396809,8434380,6990537]},
  {"id":11192,"name":"Rockslide","type":10,"category":0,"actions":[],"coordinates":[[11882,29864],[11890,29868]],"size":[2,2,523],"rotations":[0,0],"colors":[7122329,6396809,8434380,6990537]},
  {"id":11190,"name":"Rockslide","type":10,"category":0,"actions":[],"coordinates":[[11890,29876],[11894,29884]],"size":[2,2,523],"rotations":[0,0],"colors":[7122329,6396809,8434380,6990537]},
  {"id":18599,"name":"Stairs","type":10,"category":0,"actions":["Climb-up"],"coordinates":[[11890,29792]],"size":[2,2,523],"rotations":[0],"colors":[7122329,6396809,8434380,6990537]},
  {"id":11193,"name":"Rockslide","type":10,"category":0,"actions":[],"coordinates":[[11898,29892],[11898,29860]],"size":[2,2,523],"rotations":[0,0],"colors":[7122329,6396809,8434380,6990537]},
  {"id":18700,"name":"Mind Door","type":0,"category":0,"actions":["Open"],"coordinates":[[11904,29834]],"size":[1,1,523],"rotations":[0],"colors":[7122329,6396809,8434380,6990537]},
  {"id":18698,"name":"Mind Door","type":0,"category":0,"actions":["Open"],"coordinates":[[11904,29830]],"size":[1,1,523],"rotations":[0],"colors":[7122329,6396809,8434380,6990537]},
  {"id":18693,"name":"Extractor gun","type":10,"category":0,"actions":[],"coordinates":[[11944,29838]],"size":[1,1,523],"rotations":[0],"colors":[7122329,6396809,8434380,6990537]},
  {"id":18696,"name":"Extractor gun","type":10,"category":0,"actions":[],"coordinates":[[11946,29838]],"size":[1,2,523],"rotations":[1],"colors":[7122329,6396809,8434380,6990537]},
  {"id":18690,"name":"Extractor hat","type":10,"category":0,"actions":["Operate"],"coordinates":[[11944,29830]],"size":[1,1,523],"rotations":[0],"colors":[7122329,6396809,8434380,6990537]},
  {"id":18692,"name":"Extractor hat-top","type":10,"category":0,"actions":[],"coordinates":[[11946,29830]],"size":[1,2,523],"rotations":[1],"colors":[7122329,6396809,8434380,6990537]}
]