[
  {"id":29141,"name":"Adventure log space","type":10,"category":207,"actions":["Build"],"coordinates":[[11810,27388]],"size":[2,2,523],"rotations":[0],"colors":[7122329,6396809,8434380,6990537]},
  {"id":29143,"name":"Boss lair space","type":10,"category":207,"actions":["Build"],"coordinates":[[11812,27366]],"size":[3,3,523],"rotations":[0],"colors":[7122329,6396809,8434380,6990537]},
  {"id":29144,"name":"Display space","type":10,"category":207,"actions":["Build"],"coordinates":[[11834,27364]],"size":[2,2,523],"rotations":[0],"colors":[7122329,6396809,8434380,6990537]},
  {"id":13830,"name":"Window","type":0,"category":0,"actions":[],"coordinates":[[11872,27382],[11872,27370],[11880,27390],[11880,27362],[11892,27390],[11892,27362],[11900,27382],[11900,27370]],"size":[1,1,523],"rotations":[0,0,0,0,0,0,0,0],"colors":[7122329,6396809,8434380,6990537]},
  {"id":33351,"name":"Curtain space","type":5,"category":207,"actions":["Build"],"coordinates":[[11872,27382],[11872,27370],[11880,27390],[11880,27362],[11892,27390],[11892,27362],[11900,27382],[11900,27370]],"size":[1,1,523],"rotations":[0,0,0,0,0,0,0,0],"colors":[7122329,6396809,8434380,6990537]},
  {"id":33346,"name":"Portal Nexus space","type":10,"category":207,"actions":["Build"],"coordinates":[[11886,27376]],"size":[2,2,523],"rotations":[0],"colors":[7122329,6396809,8434380,6990537]},
  {"id":41030,"name":"Statue space","type":11,"category":207,"actions":["Build"],"coordinates":[[11938,27388]],"size":[2,2,523],"rotations":[0],"colors":[7122329,6396809,8434380,6990537]},
  {"id":41028,"name":"Banner stand space","type":11,"category":207,"actions":["Build"],"coordinates":[[11936,27362]],"size":[1,1,523],"rotations":[0],"colors":[7122329,6396809,8434380,6990537]},
  {"id":41024,"name":"Pedestal space","type":10,"category":207,"actions":["Build"],"coordinates":[[11942,27364]],"size":[2,2,523],"rotations":[0],"colors":[7122329,6396809,8434380,6990537]},
  {"id":41025,"name":"Pedestal space","type":10,"category":207,"actions":["Build"],"coordinates":[[11950,27364]],"size":[2,2,523],"rotations":[0],"colors":[7122329,6396809,8434380,6990537]},
  {"id":41026,"name":"Pedestal space","type":10,"category":207,"actions":["Build"],"coordinates":[[11958,27364]],"size":[2,2,523],"rotations":[0],"colors":[7122329,6396809,8434380,6990537]},
  {"id":41027,"name":"Trophy case space","type":11,"category":207,"actions":["Build"],"coordinates":[[11962,27388]],"size":[2,2,523],"rotations":[0],"colors":[7122329,6396809,8434380,6990537]},
  {"id":41029,"name":"Outfit stand space","type":11,"category":207,"actions":["Build"],"coordinates":[[11964,27362]],"size":[1,1,523],"rotations":[0],"colors":[7122329,6396809,8434380,6990537]}
]