[
  {"id":49360,"name":"Nerves","type":11,"category":0,"actions":[],"coordinates":[[12134,24690],[12278,24670]],"size":[2,1,523],"rotations":[0,2],"colors":[7122329,6396809,8434380,6990537]},
  {"id":49354,"name":"Brain matter","type":11,"category":0,"actions":[],"coordinates":[[12136,24698],[12152,24710],[12196,24670],[12208,24714],[12284,24662]],"size":[1,1,523],"rotations":[0,0,0,0,0],"colors":[7122329,6396809,8434380,6990537]},
  {"id":49355,"name":"Brain matter","type":11,"category":0,"actions":[],"coordinates":[[12136,24694],[12136,24682],[12140,24678],[12152,24714],[12164,24662],[12168,24726],[12172,24726],[12248,24726]],"size":[1,1,523],"rotations":[0,0,0,0,0,0,0,0],"colors":[7122329,6396809,8434380,6990537]},
  {"id":49204,"name":"Abyssal Rift","type":10,"category":0,"actions":["Enter"],"coordinates":[[12140,24690]],"size":[7,1,523],"rotations":[1],"colors":[7122329,6396809,8434380,6990537]},
  {"id":49206,"name":"Closed Passage","type":10,"category":0,"actions":[],"coordinates":[[12148,24712],[12206,24670],[12258,24738],[12270,24666],[12284,24720]],"size":[1,2,523],"rotations":[2,3,1,3,0],"colors":[7122329,6396809,8434380,6990537]},
  {"id":49388,"name":"Vent","type":11,"category":0,"actions":[],"coordinates":[[12150,24672],[12186,24724],[12250,24688]],"size":[2,2,523],"rotations":[0,0,0],"colors":[7122329,6396809,8434380,6990537]},
  {"id":49359,"name":"Nerve","type":11,"category":0,"actions":[],"coordinates":[[12156,24722],[12256,24674],[12276,24706]],"size":[1,1,523],"rotations":[0,0,0],"colors":[7122329,6396809,8434380,6990537]},
  {"id":49240,"name":"Broken Pillar","type":11,"category":0,"actions":[],"coordinates":[[12158,24716],[12250,24672]],"size":[2,2,523],"rotations":[0,0],"colors":[7122329,6396809,8434380,6990537]},
  {"id":49367,"name":"Nerve formation","type":10,"category":0,"actions":[],"coordinates":[[12162,24724],[12274,24724]],"size":[2,2,523],"rotations":[0,0],"colors":[7122329,6396809,8434380,6990537]},
  {"id":49357,"name":"Nerve","type":10,"category":0,"actions":[],"coordinates":[[12168,24666],[12276,24694]],"size":[1,1,523],"rotations":[0,0],"colors":[7122329,6396809,8434380,6990537]},
  {"id":49356,"name":"Brain matter","type":11,"category":0,"actions":[],"coordinates":[[12168,24662],[12192,24710],[12208,24710],[12220,24670],[12252,24730],[12260,24674]],"size":[1,1,523],"rotations":[0,0,0,0,0,0],"colors":[7122329,6396809,8434380,6990537]},
  {"id":49363,"name":"Nerves","type":10,"category":0,"actions":[],"coordinates":[[12174,24666]],"size":[2,1,523],"rotations":[2],"colors":[7122329,6396809,8434380,6990537]},
  {"id":49245,"name":"Broken Boat","type":10,"category":0,"actions":[],"coordinates":[[12176,24660]],"size":[2,3,523],"rotations":[3],"colors":[7122329,6396809,8434380,6990537]},
  {"id":49244,"name":"Broken Boat","type":10,"category":0,"actions":[],"coordinates":[[12178,24728]],"size":[2,2,523],"rotations":[0],"colors":[7122329,6396809,8434380,6990537]},
  {"id":49362,"name":"Nerve","type":10,"category":0,"actions":[],"coordinates":[[12184,24666]],"size":[1,1,523],"rotations":[0],"colors":[7122329,6396809,8434380,6990537]},
  {"id":49365,"name":"Nerves","type":10,"category":0,"actions":[],"coordinates":[[12186,24662]],"size":[2,1,523],"rotations":[0],"colors":[7122329,6396809,8434380,6990537]},
  {"id":49364,"name":"Nerves","type":10,"category":0,"actions":[],"coordinates":[[12188,24712],[12266,24730]],"size":[2,1,523],"rotations":[3,2],"colors":[7122329,6396809,8434380,6990537]},
  {"id":49239,"name":"Broken Pillar","type":11,"category":0,"actions":[],"coordinates":[[12190,24666],[12248,24716]],"size":[2,3,523],"rotations":[0,1],"colors":[7122329,6396809,8434380,6990537]},
  {"id":49361,"name":"Nerve","type":10,"category":0,"actions":[],"coordinates":[[12212,24674]],"size":[1,1,523],"rotations":[0],"colors":[7122329,6396809,8434380,6990537]},
  {"id":49209,"name":"Stepping Stone","type":22,"category":0,"actions":["Cross"],"coordinates":[[12220,24710],[12228,24710]],"size":[1,1,523],"rotations":[0,0],"colors":[7122329,6396809,8434380,6990537]},
  {"id":49358,"name":"Nerve","type":10,"category":0,"actions":[],"coordinates":[[12252,24726]],"size":[1,1,523],"rotations":[0],"colors":[7122329,6396809,8434380,6990537]},
  {"id":49924,"name":"Stepping Stone","type":22,"category":0,"actions":["Jump"],"coordinates":[[12260,24722]],"size":[1,1,523],"rotations":[0],"colors":[7122329,6396809,8434380,6990537]},
  {"id":49246,"name":"Broken Boat","type":10,"category":0,"actions":[],"coordinates":[[12280,24698]],"size":[3,3,523],"rotations":[0],"colors":[7122329,6396809,8434380,6990537]}
]