[
  {"id":2481,"name":"Trawler net","type":10,"category":0,"actions":["Inspect"],"coordinates":[[12130,30860]],"size":[2,6,523],"rotations":[0],"colors":[7122329,6396809,8434380,6990537]},
  {"id":362,"name":"Barrel","type":10,"category":0,"actions":[],"coordinates":[[12136,30882],[12144,30878],[12144,30874],[12180,30874],[12188,30882],[12192,30882]],"size":[1,1,523],"rotations":[0,0,0,0,0,0],"colors":[7122329,6396809,8434380,6990537]},
  {"id":252,"name":"Ship's wheel","type":10,"category":0,"actions":[],"coordinates":[[12136,30874]],"size":[1,1,523],"rotations":[0],"colors":[7122329,6396809,8434380,6990537]},
  {"id":272,"name":"Ship's ladder","type":10,"category":0,"actions":["Climb-up"],"coordinates":[[12144,30870],[12180,30878]],"size":[1,1,523],"rotations":[0,0],"colors":[7122329,6396809,8434380,6990537]},
  {"id":273,"name":"Ship's ladder","type":10,"category":0,"actions":["Climb-down"],"coordinates":[[12144,30870],[12180,30878]],"size":[1,1,523],"rotations":[0,0],"colors":[7122329,6396809,8434380,6990537]},
  {"id":969,"name":"Fishing net","type":4,"category":0,"actions":[],"coordinates":[[12144,30862],[12148,30886],[12148,30862],[12152,30862],[12160,30886],[12164,30886],[12164,30862],[12168,30886],[12168,30862],[12176,30886]],"size":[1,1,523],"rotations":[0,0,0,0,0,0,0,0,0,0],"colors":[7122329,6396809,8434380,6990537]},
  {"id":255,"name":"Winch","type":10,"category":0,"actions":["Operate"],"coordinates":[[12180,30870]],"size":[1,1,523],"rotations":[0],"colors":[7122329,6396809,8434380,6990537]},
  {"id":9534,"name":"Crate","type":10,"category":209,"actions":["Search"],"coordinates":[[12184,30866],[12188,30866]],"size":[1,1,523],"rotations":[0,0],"colors":[7122329,6396809,8434380,6990537]},
  {"id":354,"name":"Crate","type":10,"category":0,"actions":["Search"],"coordinates":[[12200,30874]],"size":[1,1,523],"rotations":[0],"colors":[7122329,6396809,8434380,6990537]}
]