[
  {"id":15695,"name":"Crate","type":10,"category":0,"actions":["Search"],"coordinates":[[12076,30106],[12084,30106],[12088,30106],[12092,30106],[12092,30090],[12096,30094],[12112,30106],[12112,30098],[12120,30114],[12120,30110],[12120,30106]],"size":[1,1,523],"rotations":[0,0,0,0,0,0,0,0,0,0,0],"colors":[7122329,6396809,8434380,6990537]},
  {"id":15707,"name":"Crate","type":10,"category":0,"actions":[],"coordinates":[[12080,30106]],"size":[1,1,523],"rotations":[0],"colors":[7122329,6396809,8434380,6990537]},
  {"id":15698,"name":"Crate","type":10,"category":0,"actions":[],"coordinates":[[12080,30100]],"size":[2,1,523],"rotations":[1],"colors":[7122329,6396809,8434380,6990537]},
  {"id":15713,"name":"Drilling machine","type":10,"category":0,"actions":["Smash"],"coordinates":[[12088,30078]],"size":[3,3,523],"rotations":[0],"colors":[7122329,6396809,8434380,6990537]},
  {"id":15697,"name":"Crate","type":10,"category":0,"actions":[],"coordinates":[[12106,30106],[12116,30108]],"size":[2,1,523],"rotations":[2,1],"colors":[7122329,6396809,8434380,6990537]},
  {"id":15704,"name":"Crate","type":10,"category":0,"actions":["Search"],"coordinates":[[12112,30102]],"size":[1,1,523],"rotations":[0],"colors":[7122329,6396809,8434380,6990537]},
  {"id":15696,"name":"Crate","type":10,"category":0,"actions":["Search"],"coordinates":[[12116,30102]],"size":[1,1,523],"rotations":[0],"colors":[7122329,6396809,8434380,6990537]},
  {"id":15706,"name":"Crate","type":10,"category":0,"actions":[],"coordinates":[[12116,30086]],"size":[1,1,523],"rotations":[0],"colors":[7122329,6396809,8434380,6990537]},
  {"id":15761,"name":"Sack Pile","type":10,"category":0,"actions":[],"coordinates":[[12154,30054],[12164,30044],[12180,30052],[12184,30056]],"size":[2,1,523],"rotations":[2,1,3,1],"colors":[7122329,6396809,8434380,6990537]},
  {"id":15760,"name":"Sack","type":10,"category":0,"actions":[],"coordinates":[[12152,30042],[12156,30042],[12160,30046],[12160,30042],[12184,30050]],"size":[1,1,523],"rotations":[0,0,0,0,0],"colors":[7122329,6396809,8434380,6990537]},
  {"id":15762,"name":"Sacks","type":10,"category":0,"actions":[],"coordinates":[[12160,30058],[12168,30042],[12176,30046]],"size":[1,1,523],"rotations":[0,0,0],"colors":[7122329,6396809,8434380,6990537]},
  {"id":15719,"name":"Table","type":10,"category":156,"actions":[],"coordinates":[[12174,30042]],"size":[2,1,523],"rotations":[2],"colors":[7122329,6396809,8434380,6990537]},
  {"id":15746,"name":"Ladder","type":10,"category":0,"actions":["Climb-up"],"coordinates":[[12192,30082]],"size":[1,1,523],"rotations":[0],"colors":[7122329,6396809,8434380,6990537]}
]