[
  {"id":29141,"name":"Adventure log space","type":10,"category":207,"actions":["Build"],"coordinates":[[12066,27388]],"size":[2,2,523],"rotations":[0],"colors":[7122329,6396809,8434380,6990537]},
  {"id":29143,"name":"Boss lair space","type":10,"category":207,"actions":["Build"],"coordinates":[[12068,27366]],"size":[3,3,523],"rotations":[0],"colors":[7122329,6396809,8434380,6990537]},
  {"id":29144,"name":"Display space","type":10,"category":207,"actions":["Build"],"coordinates":[[12090,27364]],"size":[2,2,523],"rotations":[0],"colors":[7122329,6396809,8434380,6990537]},
  {"id":13830,"name":"Window","type":0,"category":0,"actions":[],"coordinates":[[12128,27382],[12128,27370],[12136,27390],[12136,27362],[12148,27390],[12148,27362],[12156,27382],[12156,27370]],"size":[1,1,523],"rotations":[0,0,0,0,0,0,0,0],"colors":[7122329,6396809,8434380,6990537]},
  {"id":33351,"name":"Curtain space","type":5,"category":207,"actions":["Build"],"coordinates":[[12128,27382],[12128,27370],[12136,27390],[12136,27362],[12148,27390],[12148,27362],[12156,27382],[12156,27370]],"size":[1,1,523],"rotations":[0,0,0,0,0,0,0,0],"colors":[7122329,6396809,8434380,6990537]},
  {"id":33346,"name":"Portal Nexus space","type":10,"category":207,"actions":["Build"],"coordinates":[[12142,27376]],"size":[2,2,523],"rotations":[0],"colors":[7122329,6396809,8434380,6990537]},
  {"id":41030,"name":"Statue space","type":11,"category":207,"actions":["Build"],"coordinates":[[12194,27388]],"size":[2,2,523],"rotations":[0],"colors":[7122329,6396809,8434380,6990537]},
  {"id":41028,"name":"Banner stand space","type":11,"category":207,"actions":["Build"],"coordinates":[[12192,27362]],"size":[1,1,523],"rotations":[0],"colors":[7122329,6396809,8434380,6990537]},
  {"id":41024,"name":"Pedestal space","type":10,"category":207,"actions":["Build"],"coordinates":[[12198,27364]],"size":[2,2,523],"rotations":[0],"colors":[7122329,6396809,8434380,6990537]},
  {"id":41025,"name":"Pedestal space","type":10,"category":207,"actions":["Build"],"coordinates":[[12206,27364]],"size":[2,2,523],"rotations":[0],"colors":[7122329,6396809,8434380,6990537]},
  {"id":41026,"name":"Pedestal space","type":10,"category":207,"actions":["Build"],"coordinates":[[12214,27364]],"size":[2,2,523],"rotations":[0],"colors":[7122329,6396809,8434380,6990537]},
  {"id":41027,"name":"Trophy case space","type":11,"category":207,"actions":["Build"],"coordinates":[[12218,27388]],"size":[2,2,523],"rotations":[0],"colors":[7122329,6396809,8434380,6990537]},
  {"id":41029,"name":"Outfit stand space","type":11,"category":207,"actions":["Build"],"coordinates":[[12220,27362]],"size":[1,1,523],"rotations":[0],"colors":[7122329,6396809,8434380,6990537]}
]