[
  {"id":49362,"name":"Nerve","type":10,"category":0,"actions":[],"coordinates":[[12288,24694],[12328,24674]],"size":[1,1,523],"rotations":[0,0],"colors":[7122329,6396809,8434380,6990537]},
  {"id":49355,"name":"Brain matter","type":11,"category":0,"actions":[],"coordinates":[[12288,24662],[12316,24706]],"size":[1,1,523],"rotations":[0,0],"colors":[7122329,6396809,8434380,6990537]},
  {"id":49361,"name":"Nerve","type":11,"category":0,"actions":[],"coordinates":[[12292,24694]],"size":[1,1,523],"rotations":[0],"colors":[7122329,6396809,8434380,6990537]},
  {"id":49342,"name":"Fire","type":10,"category":152,"actions":[],"coordinates":[[12294,24668]],"size":[2,2,523],"rotations":[0],"colors":[7122329,6396809,8434380,6990537]},
  {"id":49206,"name":"Closed Passage","type":10,"category":0,"actions":[],"coordinates":[[12302,24694]],"size":[1,2,523],"rotations":[1],"colors":[7122329,6396809,8434380,6990537]},
  {"id":49363,"name":"Nerves","type":10,"category":0,"actions":[],"coordinates":[[12304,24680]],"size":[2,1,523],"rotations":[3],"colors":[7122329,6396809,8434380,6990537]},
  {"id":49222,"name":"Tent","type":11,"category":0,"actions":[],"coordinates":[[12310,24660]],"size":[4,4,523],"rotations":[0],"colors":[7122329,6396809,8434380,6990537]},
  {"id":49360,"name":"Nerves","type":11,"category":0,"actions":[],"coordinates":[[12310,24678],[12332,24692],[12334,24682]],"size":[2,1,523],"rotations":[2,1,2],"colors":[7122329,6396809,8434380,6990537]},
  {"id":49343,"name":"Broken Pillar","type":11,"category":0,"actions":[],"coordinates":[[12308,24674]],"size":[1,1,523],"rotations":[0],"colors":[7122329,6396809,8434380,6990537]},
  {"id":49365,"name":"Nerves","type":10,"category":0,"actions":[],"coordinates":[[12310,24654]],"size":[2,1,523],"rotations":[2],"colors":[7122329,6396809,8434380,6990537]},
  {"id":49364,"name":"Nerves","type":11,"category":0,"actions":[],"coordinates":[[12314,24702]],"size":[2,1,523],"rotations":[0],"colors":[7122329,6396809,8434380,6990537]},
  {"id":49358,"name":"Nerve","type":10,"category":0,"actions":[],"coordinates":[[12312,24698],[12332,24674]],"size":[1,1,523],"rotations":[0,0],"colors":[7122329,6396809,8434380,6990537]},
  {"id":49356,"name":"Brain matter","type":10,"category":0,"actions":[],"coordinates":[[12312,24694],[12324,24662],[12340,24682]],"size":[1,1,523],"rotations":[0,0,0],"colors":[7122329,6396809,8434380,6990537]},
  {"id":49388,"name":"Vent","type":10,"category":0,"actions":[],"coordinates":[[12318,24708],[12326,24668]],"size":[2,2,523],"rotations":[0,0],"colors":[7122329,6396809,8434380,6990537]},
  {"id":49354,"name":"Brain matter","type":11,"category":0,"actions":[],"coordinates":[[12320,24714],[12320,24662]],"size":[1,1,523],"rotations":[0,0],"colors":[7122329,6396809,8434380,6990537]},
  {"id":49368,"name":"Nerve formation","type":10,"category":0,"actions":[],"coordinates":[[12334,24676]],"size":[2,2,523],"rotations":[0],"colors":[7122329,6396809,8434380,6990537]},
  {"id":49357,"name":"Nerve","type":10,"category":0,"actions":[],"coordinates":[[12336,24702]],"size":[1,1,523],"rotations":[0],"colors":[7122329,6396809,8434380,6990537]},
  {"id":47587,"name":"Broken Pillar","type":10,"category":0,"actions":[],"coordinates":[[12346,24682]],"size":[1,2,523],"rotations":[1],"colors":[7122329,6396809,8434380,6990537]},
  {"id":49212,"name":"Rowboat","type":10,"category":0,"actions":["Travel"],"coordinates":[[12358,24686]],"size":[2,3,523],"rotations":[2],"colors":[7122329,6396809,8434380,6990537]},
  {"id":49217,"name":"Rowboat","type":11,"category":0,"actions":[],"coordinates":[[12364,24670]],"size":[3,3,523],"rotations":[0],"colors":[7122329,6396809,8434380,6990537]}
]