[
  {"id":59815,"name":"Buoy","type":11,"category":2339,"actions":["Dock"],"coordinates":[[12314,39976]],"size":[2,2,523],"rotations":[0],"colors":[7122329,6396809,8434380,6990537]},
  {"id":59834,"name":"Mooring point","type":10,"category":2340,"actions":["Board","Board-previous","Board-friend"],"coordinates":[[12324,40010]],"size":[1,1,523],"rotations":[0],"colors":[7122329,6396809,8434380,6990537]},
  {"id":44069,"name":"Cactus","type":10,"category":0,"actions":[],"coordinates":[[12340,39994]],"size":[1,1,523],"rotations":[0],"colors":[7122329,6396809,8434380,6990537]},
  {"id":51792,"name":"Rockslide","type":10,"category":0,"actions":[],"coordinates":[[12342,39988],[12358,40024],[12374,40012]],"size":[2,2,523],"rotations":[0,0,0],"colors":[7122329,6396809,8434380,6990537]},
  {"id":44071,"name":"Cactus","type":10,"category":0,"actions":[],"coordinates":[[12348,40022]],"size":[1,1,523],"rotations":[0],"colors":[7122329,6396809,8434380,6990537]},
  {"id":51793,"name":"Rockslide","type":10,"category":0,"actions":[],"coordinates":[[12350,39984],[12350,39976],[12354,40020],[12370,40016],[12370,40008],[12382,39992]],"size":[2,2,523],"rotations":[0,0,0,0,0,0],"colors":[7122329,6396809,8434380,6990537]},
  {"id":1314,"name":"Plant","type":11,"category":0,"actions":[],"coordinates":[[12354,40002],[12364,40028],[12374,39990]],"size":[3,2,523],"rotations":[1,2,3],"colors":[7122329,6396809,8434380,6990537]},
  {"id":58541,"name":"Palm","type":10,"category":0,"actions":[],"coordinates":[[12356,39994],[12364,39986]],"size":[1,1,523],"rotations":[0,0],"colors":[7122329,6396809,8434380,6990537]},
  {"id":44070,"name":"Cactus","type":11,"category":0,"actions":[],"coordinates":[[12356,39990]],"size":[1,1,523],"rotations":[0],"colors":[7122329,6396809,8434380,6990537]},
  {"id":1405,"name":"Cactus","type":10,"category":0,"actions":[],"coordinates":[[12362,40008]],"size":[2,2,523],"rotations":[0],"colors":[7122329,6396809,8434380,6990537]},
  {"id":59313,"name":"Crab monument","type":10,"category":2317,"actions":["Chart"],"coordinates":[[12362,39996]],"size":[2,2,523],"rotations":[0],"colors":[7122329,6396809,8434380,6990537]},
  {"id":44081,"name":"Cactus","type":10,"category":0,"actions":[],"coordinates":[[12360,39974]],"size":[1,1,523],"rotations":[0],"colors":[7122329,6396809,8434380,6990537]},
  {"id":58543,"name":"Palm","type":10,"category":0,"actions":[],"coordinates":[[12364,40030],[12416,40070]],"size":[1,1,523],"rotations":[0,0],"colors":[7122329,6396809,8434380,6990537]},
  {"id":44074,"name":"Cactus","type":10,"category":0,"actions":[],"coordinates":[[12364,39974]],"size":[1,1,523],"rotations":[0],"colors":[7122329,6396809,8434380,6990537]},
  {"id":17237,"name":"Torch","type":10,"category":0,"actions":[],"coordinates":[[12368,40002],[12368,39990]],"size":[1,1,523],"rotations":[0,0],"colors":[7122329,6396809,8434380,6990537]},
  {"id":44068,"name":"Cactus","type":10,"category":0,"actions":[],"coordinates":[[12380,40026]],"size":[1,1,523],"rotations":[0],"colors":[7122329,6396809,8434380,6990537]},
  {"id":4348,"name":"Shell","type":22,"category":0,"actions":[],"coordinates":[[12380,40006]],"size":[1,1,523],"rotations":[0],"colors":[7122329,6396809,8434380,6990537]},
  {"id":44030,"name":"Kharidian cactus (Dry)","type":10,"category":0,"actions":[],"coordinates":[[12380,39978]],"size":[1,1,523],"rotations":[0],"colors":[7122329,6396809,8434380,6990537]},
  {"id":28946,"name":"Inconspicuous rocks (elite)","type":10,"category":960,"actions":["Build"],"coordinates":[[12384,39998]],"size":[1,1,523],"rotations":[0],"colors":[7122329,6396809,8434380,6990537]},
  {"id":58542,"name":"Palm","type":10,"category":0,"actions":[],"coordinates":[[12384,39982],[12408,40082]],"size":[1,1,523],"rotations":[0,0],"colors":[7122329,6396809,8434380,6990537]},
  {"id":44079,"name":"Cactus","type":10,"category":0,"actions":[],"coordinates":[[12388,39998]],"size":[1,1,523],"rotations":[0],"colors":[7122329,6396809,8434380,6990537]},
  {"id":1123,"name":"Bush","type":10,"category":0,"actions":[],"coordinates":[[12402,40076]],"size":[2,2,523],"rotations":[0],"colors":[7122329,6396809,8434380,6990537]},
  {"id":58520,"name":"Cactus","type":10,"category":0,"actions":[],"coordinates":[[12410,40076]],"size":[2,2,523],"rotations":[0],"colors":[7122329,6396809,8434380,6990537]}
]