[
  {"id":58981,"name":"Lost supplies","type":10,"category":2314,"actions":[],"coordinates":[[12324,37686],[12372,37790],[12464,37854]],"size":[1,1,523],"rotations":[0,0,0],"colors":[7122329,6396809,8434380,6990537]},
  {"id":10834,"name":"Magic tree","type":10,"category":290,"actions":["Chop down"],"coordinates":[[12414,37692],[12430,37708],[12442,37728],[12450,37716],[12458,37736],[12466,37704],[12474,37724],[12498,37736]],"size":[2,2,523],"rotations":[0,0,0,0,0,0,0,0],"colors":[7122329,6396809,8434380,6990537]},
  {"id":1393,"name":"Plant","type":10,"category":0,"actions":[],"coordinates":[[12412,37682],[12424,37698],[12468,37758],[12472,37678],[12484,37762],[12488,37722],[12496,37726],[12524,37766]],"size":[1,1,523],"rotations":[0,0,0,0,0,0,0,0],"colors":[7122329,6396809,8434380,6990537]},
  {"id":1394,"name":"Plant","type":10,"category":0,"actions":[],"coordinates":[[12426,37724],[12478,37740]],"size":[2,2,523],"rotations":[0,0],"colors":[7122329,6396809,8434380,6990537]},
  {"id":3912,"name":"Mushroom","type":10,"category":0,"actions":[],"coordinates":[[12444,37662],[12452,37662],[12460,37670]],"size":[1,1,523],"rotations":[0,0,0],"colors":[7122329,6396809,8434380,6990537]},
  {"id":1391,"name":"Plant","type":10,"category":0,"actions":[],"coordinates":[[12450,37736],[12506,37740]],"size":[2,2,523],"rotations":[0,0],"colors":[7122329,6396809,8434380,6990537]},
  {"id":3913,"name":"Mushrooms","type":10,"category":0,"actions":[],"coordinates":[[12448,37658],[12452,37666]],"size":[1,1,523],"rotations":[0,0],"colors":[7122329,6396809,8434380,6990537]},
  {"id":35862,"name":"Mushrooms","type":10,"category":0,"actions":[],"coordinates":[[12468,37750],[12484,37758]],"size":[1,1,523],"rotations":[0,0],"colors":[7122329,6396809,8434380,6990537]},
  {"id":3885,"name":"Tree","type":10,"category":0,"actions":[],"coordinates":[[12476,37758]],"size":[3,3,523],"rotations":[0],"colors":[7122329,6396809,8434380,6990537]},
  {"id":35864,"name":"Mushroom","type":10,"category":0,"actions":[],"coordinates":[[12472,37750]],"size":[1,1,523],"rotations":[0],"colors":[7122329,6396809,8434380,6990537]},
  {"id":1392,"name":"Plant","type":10,"category":0,"actions":[],"coordinates":[[12482,37700],[12490,37756]],"size":[2,2,523],"rotations":[0,0],"colors":[7122329,6396809,8434380,6990537]},
  {"id":3918,"name":"Elven lamp","type":10,"category":0,"actions":[],"coordinates":[[12480,37678]],"size":[1,1,523],"rotations":[0],"colors":[7122329,6396809,8434380,6990537]},
  {"id":59834,"name":"Mooring point","type":10,"category":2340,"actions":["Board","Board-previous","Board-friend"],"coordinates":[[12484,37682]],"size":[1,1,523],"rotations":[0],"colors":[7122329,6396809,8434380,6990537]},
  {"id":3886,"name":"Tree","type":11,"category":0,"actions":[],"coordinates":[[12492,37722]],"size":[1,1,523],"rotations":[0],"colors":[7122329,6396809,8434380,6990537]},
  {"id":58196,"name":"Trees","type":11,"category":0,"actions":[],"coordinates":[[12508,37768]],"size":[3,2,523],"rotations":[0],"colors":[7122329,6396809,8434380,6990537]},
  {"id":58197,"name":"Trees","type":11,"category":0,"actions":[],"coordinates":[[12516,37748]],"size":[3,2,523],"rotations":[0],"colors":[7122329,6396809,8434380,6990537]},
  {"id":58198,"name":"Trees","type":11,"category":0,"actions":[],"coordinates":[[12520,37756]],"size":[3,2,523],"rotations":[0],"colors":[7122329,6396809,8434380,6990537]},
  {"id":59995,"name":"Lockbox","type":11,"category":0,"actions":["Open"],"coordinates":[[12520,37774]],"size":[1,1,523],"rotations":[0],"colors":[7122329,6396809,8434380,6990537]},
  {"id":59822,"name":"Buoy","type":10,"category":2339,"actions":["Dock"],"coordinates":[[12522,37704]],"size":[2,2,523],"rotations":[0],"colors":[7122329,6396809,8434380,6990537]},
  {"id":3890,"name":"Tree","type":11,"category":0,"actions":[],"coordinates":[[12524,37770]],"size":[1,1,523],"rotations":[0],"colors":[7122329,6396809,8434380,6990537]}
]