[
  {"id":1282,"name":"Dead tree","type":10,"category":189,"actions":["Chop down"],"coordinates":[[12326,35708],[12326,35672],[12342,35712],[12342,35636],[12350,35664],[12350,35628],[12430,35780],[12450,35696],[12458,35736],[12470,35776],[12474,35668],[12490,35720]],"size":[2,2,523],"rotations":[0,0,0,0,0,0,0,0,0,0,0,0],"colors":[7122329,6396809,8434380,6990537]},
  {"id":14473,"name":"Cage","type":11,"category":0,"actions":[],"coordinates":[[12328,35702]],"size":[1,1,523],"rotations":[0],"colors":[7122329,6396809,8434380,6990537]},
  {"id":34935,"name":"Dead tree","type":10,"category":0,"actions":[],"coordinates":[[12328,35686],[12332,35670],[12340,35642],[12344,35630],[12348,35658],[12352,35670],[12352,35622],[12424,35774],[12432,35726],[12456,35694],[12464,35742],[12468,35666],[12480,35762],[12480,35670],[12484,35718],[12496,35714],[12504,35686]],"size":[1,1,523],"rotations":[0,0,0,0,0,0,0,0,0,0,0,0,0,0,0,0,0],"colors":[7122329,6396809,8434380,6990537]},
  {"id":8954,"name":"Flag","type":11,"category":0,"actions":[],"coordinates":[[12332,35710],[12344,35626],[12372,35682],[12424,35778],[12452,35690],[12480,35758],[12508,35710]],"size":[1,1,523],"rotations":[0,0,0,0,0,0,0],"colors":[7122329,6396809,8434380,6990537]},
  {"id":58656,"name":"Anvil space","type":10,"category":2308,"actions":["Build","Inspect"],"coordinates":[[12332,35698]],"size":[1,1,523],"rotations":[0],"colors":[7122329,6396809,8434380,6990537]},
  {"id":58660,"name":"Furnace space","type":10,"category":2308,"actions":["Build","Inspect"],"coordinates":[[12348,35694]],"size":[3,3,523],"rotations":[0],"colors":[7122329,6396809,8434380,6990537]},
  {"id":39681,"name":"Bush","type":10,"category":0,"actions":[],"coordinates":[[12376,35680],[12390,35698],[12460,35684],[12474,35710],[12490,35710]],"size":[1,2,523],"rotations":[2,1,2,1,1],"colors":[7122329,6396809,8434380,6990537]},
  {"id":11775,"name":"Door","type":0,"category":167,"actions":["Open"],"coordinates":[[12380,35686],[12468,35690],[12496,35690]],"size":[1,1,523],"rotations":[0,0,0],"colors":[7122329,6396809,8434380,6990537]},
  {"id":14739,"name":"Crate","type":11,"category":0,"actions":[],"coordinates":[[12384,35678],[12464,35710],[12472,35706]],"size":[1,1,523],"rotations":[0,0,0],"colors":[7122329,6396809,8434380,6990537]},
  {"id":14735,"name":"Staircase","type":10,"category":0,"actions":["Climb-up"],"coordinates":[[12390,35688]],"size":[2,2,523],"rotations":[0],"colors":[7122329,6396809,8434380,6990537]},
  {"id":14763,"name":"Table","type":10,"category":169,"actions":[],"coordinates":[[12396,35690],[12500,35706]],"size":[1,1,523],"rotations":[0,0],"colors":[7122329,6396809,8434380,6990537]},
  {"id":60093,"name":"Ladder","type":10,"category":0,"actions":["Climb-down"],"coordinates":[[12396,35678]],"size":[1,1,523],"rotations":[0],"colors":[7122329,6396809,8434380,6990537]},
  {"id":14742,"name":"Crates","type":10,"category":0,"actions":[],"coordinates":[[12400,35686],[12468,35706]],"size":[1,1,523],"rotations":[0,0],"colors":[7122329,6396809,8434380,6990537]},
  {"id":59824,"name":"Buoy","type":10,"category":2339,"actions":["Dock"],"coordinates":[[12406,35640]],"size":[2,2,523],"rotations":[0],"colors":[7122329,6396809,8434380,6990537]},
  {"id":39680,"name":"Bush","type":10,"category":0,"actions":[],"coordinates":[[12414,35778],[12462,35754]],"size":[1,2,523],"rotations":[1,3],"colors":[7122329,6396809,8434380,6990537]},
  {"id":59834,"name":"Mooring point","type":11,"category":2340,"actions":["Board","Board-previous","Board-friend"],"coordinates":[[12416,35670]],"size":[1,1,523],"rotations":[0],"colors":[7122329,6396809,8434380,6990537]},
  {"id":58658,"name":"Rowboat space","type":10,"category":2308,"actions":["Build","Inspect"],"coordinates":[[12438,35666]],"size":[2,3,523],"rotations":[0],"colors":[7122329,6396809,8434380,6990537]},
  {"id":60473,"name":"Pirate shipwreck","type":10,"category":2348,"actions":[],"coordinates":[[12450,35804],[12490,35812],[12534,35752]],"size":[2,2,523],"rotations":[0,0,0],"colors":[7122329,6396809,8434380,6990537]},
  {"id":14764,"name":"Stool","type":10,"category":0,"actions":[],"coordinates":[[12464,35686],[12500,35702]],"size":[1,1,523],"rotations":[0,0],"colors":[7122329,6396809,8434380,6990537]},
  {"id":11794,"name":"Ladder","type":10,"category":664,"actions":["Climb-up"],"coordinates":[[12464,35674],[12500,35674]],"size":[1,1,523],"rotations":[0,0],"colors":[7122329,6396809,8434380,6990537]},
  {"id":59993,"name":"Lockbox","type":10,"category":0,"actions":["Open"],"coordinates":[[12468,35758]],"size":[1,1,523],"rotations":[0],"colors":[7122329,6396809,8434380,6990537]},
  {"id":60057,"name":"Sacks","type":10,"category":0,"actions":[],"coordinates":[[12472,35694]],"size":[1,1,523],"rotations":[0],"colors":[7122329,6396809,8434380,6990537]},
  {"id":1521,"name":"Large door","type":0,"category":0,"actions":["Open"],"coordinates":[[12480,35706]],"size":[1,1,523],"rotations":[0],"colors":[7122329,6396809,8434380,6990537]},
  {"id":14762,"name":"Table","type":10,"category":169,"actions":[],"coordinates":[[12482,35674]],"size":[1,2,523],"rotations":[3],"colors":[7122329,6396809,8434380,6990537]},
  {"id":1524,"name":"Large door","type":0,"category":0,"actions":["Open"],"coordinates":[[12484,35706]],"size":[1,1,523],"rotations":[0],"colors":[7122329,6396809,8434380,6990537]},
  {"id":58662,"name":"Bank chest space","type":10,"category":2308,"actions":["Build","Inspect"],"coordinates":[[12484,35682]],"size":[1,1,523],"rotations":[0],"colors":[7122329,6396809,8434380,6990537]},
  {"id":14740,"name":"Barrel","type":10,"category":0,"actions":[],"coordinates":[[12488,35698],[12492,35706],[12492,35686]],"size":[1,1,523],"rotations":[0,0,0],"colors":[7122329,6396809,8434380,6990537]},
  {"id":14479,"name":"Stocks","type":10,"category":0,"actions":[],"coordinates":[[12488,35670]],"size":[1,1,523],"rotations":[0],"colors":[7122329,6396809,8434380,6990537]}
]