[
  {"id":16639,"name":"Windswept Tree","type":10,"category":0,"actions":[],"coordinates":[[12354,34924],[12438,34908],[12466,34932]],"size":[2,2,523],"rotations":[0,0,0],"colors":[7122329,6396809,8434380,6990537]},
  {"id":16745,"name":"Stool","type":10,"category":0,"actions":[],"coordinates":[[12384,34842],[12484,34834]],"size":[1,1,523],"rotations":[0,0],"colors":[7122329,6396809,8434380,6990537]},
  {"id":16703,"name":"Cooker","type":10,"category":1021,"actions":[],"coordinates":[[12384,34834],[12432,34846],[12496,34842]],"size":[1,1,523],"rotations":[0,0,0],"colors":[7122329,6396809,8434380,6990537]},
  {"id":16730,"name":"Flowers","type":10,"category":0,"actions":[],"coordinates":[[12384,34822],[12412,34862],[12432,34866],[12448,34862],[12468,34834],[12496,34846],[12504,34818]],"size":[1,1,523],"rotations":[0,0,0,0,0,0,0],"colors":[7122329,6396809,8434380,6990537]},
  {"id":16869,"name":"Sack pile","type":10,"category":529,"actions":[],"coordinates":[[12388,34842]],"size":[1,1,523],"rotations":[0],"colors":[7122329,6396809,8434380,6990537]},
  {"id":16860,"name":"Tar barrel","type":10,"category":529,"actions":["Take-from"],"coordinates":[[12392,34842]],"size":[1,1,523],"rotations":[0],"colors":[7122329,6396809,8434380,6990537]},
  {"id":16778,"name":"Door","type":0,"category":0,"actions":["Open"],"coordinates":[[12392,34830],[12420,34838]],"size":[1,1,523],"rotations":[0,0],"colors":[7122329,6396809,8434380,6990537]},
  {"id":16701,"name":"Light","type":10,"category":0,"actions":[],"coordinates":[[12392,34822],[12412,34846],[12416,34866],[12436,34862],[12436,34842],[12448,34866],[12448,34834],[12452,34870],[12452,34858],[12452,34818],[12464,34826],[12468,34866],[12468,34854],[12480,34842],[12480,34830],[12500,34846],[12500,34830],[12504,34842]],"size":[1,1,523],"rotations":[0,0,0,0,0,0,0,0,0,0,0,0,0,0,0,0,0,0],"colors":[7122329,6396809,8434380,6990537]},
  {"id":16721,"name":"Bed","type":10,"category":0,"actions":[],"coordinates":[[12398,34842]],"size":[1,2,523],"rotations":[1],"colors":[7122329,6396809,8434380,6990537]},
  {"id":16704,"name":"Sink","type":10,"category":0,"actions":[],"coordinates":[[12400,34834],[12492,34842]],"size":[1,1,523],"rotations":[0,0],"colors":[7122329,6396809,8434380,6990537]},
  {"id":16729,"name":"Flowers","type":10,"category":0,"actions":[],"coordinates":[[12400,34822],[12444,34818],[12452,34838],[12460,34870],[12504,34838]],"size":[1,1,523],"rotations":[0,0,0,0,0],"colors":[7122329,6396809,8434380,6990537]},
  {"id":16885,"name":"Barrel","type":10,"category":529,"actions":["Take-from"],"coordinates":[[12416,34858]],"size":[1,1,523],"rotations":[0],"colors":[7122329,6396809,8434380,6990537]},
  {"id":16734,"name":"Stairs","type":10,"category":0,"actions":["Climb-up"],"coordinates":[[12416,34852]],"size":[1,2,523],"rotations":[0],"colors":[7122329,6396809,8434380,6990537]},
  {"id":16731,"name":"Flowers","type":10,"category":0,"actions":[],"coordinates":[[12416,34834],[12456,34854],[12456,34846],[12468,34862],[12468,34846],[12484,34826],[12488,34846]],"size":[1,1,523],"rotations":[0,0,0,0,0,0,0],"colors":[7122329,6396809,8434380,6990537]},
  {"id":16719,"name":"Bed","type":10,"category":0,"actions":[],"coordinates":[[12422,34862]],"size":[1,2,523],"rotations":[3],"colors":[7122329,6396809,8434380,6990537]},
  {"id":16871,"name":"Sack pile","type":10,"category":529,"actions":[],"coordinates":[[12430,34862]],"size":[2,1,523],"rotations":[2],"colors":[7122329,6396809,8434380,6990537]},
  {"id":16827,"name":"Table","type":10,"category":0,"actions":[],"coordinates":[[12428,34854]],"size":[1,1,523],"rotations":[0],"colors":[7122329,6396809,8434380,6990537]},
  {"id":16743,"name":"Chair","type":11,"category":0,"actions":[],"coordinates":[[12428,34834],[12432,34834]],"size":[1,1,523],"rotations":[0,0],"colors":[7122329,6396809,8434380,6990537]},
  {"id":16744,"name":"Chair","type":10,"category":0,"actions":[],"coordinates":[[12432,34858],[12432,34854]],"size":[1,1,523],"rotations":[0,0],"colors":[7122329,6396809,8434380,6990537]},
  {"id":16742,"name":"Table","type":11,"category":0,"actions":[],"coordinates":[[12432,34838]],"size":[1,1,523],"rotations":[0],"colors":[7122329,6396809,8434380,6990537]},
  {"id":14998,"name":"Water Source","type":10,"category":0,"actions":[],"coordinates":[[12442,34846]],"size":[3,2,523],"rotations":[3],"colors":[7122329,6396809,8434380,6990537]},
  {"id":16867,"name":"Sack pile","type":10,"category":529,"actions":[],"coordinates":[[12452,34834],[12500,34842]],"size":[1,1,523],"rotations":[0,0],"colors":[7122329,6396809,8434380,6990537]},
  {"id":16776,"name":"Door","type":0,"category":0,"actions":["Open"],"coordinates":[[12460,34826],[12488,34826]],"size":[1,1,523],"rotations":[0,0],"colors":[7122329,6396809,8434380,6990537]},
  {"id":16868,"name":"Sack pile","type":10,"category":529,"actions":[],"coordinates":[[12464,34846]],"size":[1,1,523],"rotations":[0],"colors":[7122329,6396809,8434380,6990537]},
  {"id":16735,"name":"Ladder","type":10,"category":0,"actions":["Climb-up"],"coordinates":[[12464,34834],[12500,34838]],"size":[1,1,523],"rotations":[0,0],"colors":[7122329,6396809,8434380,6990537]},
  {"id":16862,"name":"Crate","type":10,"category":529,"actions":[],"coordinates":[[12500,34834]],"size":[1,1,523],"rotations":[0],"colors":[7122329,6396809,8434380,6990537]}
]