[
  {"id":13873,"name":"Signpost","type":11,"category":0,"actions":["Read"],"coordinates":[[12308,30258]],"size":[1,1,523],"rotations":[0],"colors":[7122329,6396809,8434380,6990537]},
  {"id":13842,"name":"Ripples","type":10,"category":0,"actions":[],"coordinates":[[12346,30290]],"size":[4,5,523],"rotations":[0],"colors":[7122329,6396809,8434380,6990537]},
  {"id":13840,"name":"Spiny bush","type":10,"category":0,"actions":[],"coordinates":[[12346,30420]],"size":[2,2,523],"rotations":[0],"colors":[7122329,6396809,8434380,6990537]},
  {"id":13850,"name":"Swamp tree","type":10,"category":0,"actions":[],"coordinates":[[12424,30382],[12436,30378]],"size":[3,3,523],"rotations":[0,0],"colors":[7122329,6396809,8434380,6990537]},
  {"id":1365,"name":"Dead tree","type":10,"category":189,"actions":["Chop down"],"coordinates":[[12420,30286],[12424,30278],[12428,30290]],"size":[1,1,523],"rotations":[0,0,0],"colors":[7122329,6396809,8434380,6990537]},
  {"id":13843,"name":"Swamp tree","type":10,"category":0,"actions":[],"coordinates":[[12428,30370],[12476,30374]],"size":[3,3,523],"rotations":[0,0],"colors":[7122329,6396809,8434380,6990537]},
  {"id":13844,"name":"Swamp tree","type":10,"category":0,"actions":[],"coordinates":[[12428,30370],[12476,30374]],"size":[3,3,523],"rotations":[0,0],"colors":[7122329,6396809,8434380,6990537]},
  {"id":1364,"name":"Roots","type":10,"category":0,"actions":[],"coordinates":[[12436,30418],[12448,30294]],"size":[3,3,523],"rotations":[0,0],"colors":[7122329,6396809,8434380,6990537]},
  {"id":1367,"name":"Roots","type":10,"category":0,"actions":[],"coordinates":[[12432,30290],[12444,30410],[12456,30250]],"size":[1,1,523],"rotations":[0,0,0],"colors":[7122329,6396809,8434380,6990537]},
  {"id":5331,"name":"Plant","type":10,"category":0,"actions":[],"coordinates":[[12438,30400]],"size":[2,2,523],"rotations":[0],"colors":[7122329,6396809,8434380,6990537]},
  {"id":13845,"name":"Swamp tree branch","type":10,"category":0,"actions":[],"coordinates":[[12436,30372],[12468,30372]],"size":[1,2,523],"rotations":[0,2],"colors":[7122329,6396809,8434380,6990537]},
  {"id":1368,"name":"Roots","type":10,"category":0,"actions":[],"coordinates":[[12436,30294]],"size":[1,1,523],"rotations":[0],"colors":[7122329,6396809,8434380,6990537]},
  {"id":5334,"name":"Plant","type":10,"category":0,"actions":[],"coordinates":[[12440,30406],[12448,30386],[12472,30402]],"size":[1,1,523],"rotations":[0,0,0],"colors":[7122329,6396809,8434380,6990537]},
  {"id":5332,"name":"Plant","type":10,"category":0,"actions":[],"coordinates":[[12444,30402]],"size":[1,1,523],"rotations":[0],"colors":[7122329,6396809,8434380,6990537]},
  {"id":1366,"name":"Roots","type":10,"category":0,"actions":[],"coordinates":[[12448,30406],[12460,30290],[12464,30246]],"size":[1,1,523],"rotations":[0,0,0],"colors":[7122329,6396809,8434380,6990537]},
  {"id":13847,"name":"Swamp tree","type":10,"category":0,"actions":["Cut-vine"],"coordinates":[[12480,30386]],"size":[3,3,523],"rotations":[0],"colors":[7122329,6396809,8434380,6990537]}
]