[
  {"id":49244,"name":"Broken Boat","type":10,"category":0,"actions":[],"coordinates":[[12298,25032],[12318,25072],[12358,24856],[12366,24924],[12530,24908]],"size":[2,2,523],"rotations":[0,0,0,0,0],"colors":[7122329,6396809,8434380,6990537]},
  {"id":49332,"name":"Crate","type":11,"category":0,"actions":[],"coordinates":[[12322,25060]],"size":[2,2,523],"rotations":[0],"colors":[7122329,6396809,8434380,6990537]},
  {"id":49355,"name":"Brain matter","type":10,"category":0,"actions":[],"coordinates":[[12340,24942],[12352,24954],[12380,24986],[12460,24902],[12492,24898],[12496,24934],[12512,24906]],"size":[1,1,523],"rotations":[0,0,0,0,0,0,0],"colors":[7122329,6396809,8434380,6990537]},
  {"id":49356,"name":"Brain matter","type":11,"category":0,"actions":[],"coordinates":[[12344,24946],[12356,24954],[12376,24970],[12388,24898],[12420,24898],[12424,24986],[12444,24986],[12456,24898],[12472,24950],[12484,24922],[12516,24906]],"size":[1,1,523],"rotations":[0,0,0,0,0,0,0,0,0,0,0],"colors":[7122329,6396809,8434380,6990537]},
  {"id":49246,"name":"Broken Boat","type":10,"category":0,"actions":[],"coordinates":[[12352,25034],[12424,24998],[12488,24946],[12512,24946]],"size":[3,3,523],"rotations":[0,0,0,0],"colors":[7122329,6396809,8434380,6990537]},
  {"id":49354,"name":"Brain matter","type":11,"category":0,"actions":[],"coordinates":[[12356,24962],[12396,24994],[12460,24898]],"size":[1,1,523],"rotations":[0,0,0],"colors":[7122329,6396809,8434380,6990537]},
  {"id":49213,"name":"Rowboat","type":10,"category":0,"actions":["Travel"],"coordinates":[[12360,24944]],"size":[2,3,523],"rotations":[3],"colors":[7122329,6396809,8434380,6990537]},
  {"id":49388,"name":"Vent","type":10,"category":0,"actions":[],"coordinates":[[12366,24972],[12434,24984],[12474,24888]],"size":[2,2,523],"rotations":[0,0,0],"colors":[7122329,6396809,8434380,6990537]},
  {"id":47593,"name":"Handholds","type":10,"category":0,"actions":["Climb"],"coordinates":[[12376,24958]],"size":[1,1,523],"rotations":[0],"colors":[7122329,6396809,8434380,6990537]},
  {"id":49245,"name":"Broken Boat","type":10,"category":0,"actions":[],"coordinates":[[12416,24888],[12482,24966]],"size":[2,3,523],"rotations":[3,0],"colors":[7122329,6396809,8434380,6990537]},
  {"id":47594,"name":"Handholds","type":10,"category":0,"actions":["Climb"],"coordinates":[[12460,24910]],"size":[1,1,523],"rotations":[0],"colors":[7122329,6396809,8434380,6990537]},
  {"id":49211,"name":"Stepping Stone","type":22,"category":0,"actions":[],"coordinates":[[12480,24902]],"size":[1,1,523],"rotations":[0],"colors":[7122329,6396809,8434380,6990537]},
  {"id":49220,"name":"Debris","type":11,"category":0,"actions":[],"coordinates":[[12492,24934]],"size":[1,1,523],"rotations":[0],"colors":[7122329,6396809,8434380,6990537]},
  {"id":49217,"name":"Rowboat","type":11,"category":0,"actions":[],"coordinates":[[12500,24894]],"size":[3,3,523],"rotations":[0],"colors":[7122329,6396809,8434380,6990537]}
]