[
  {"id":59905,"name":"Figurehead","type":10,"category":0,"actions":[],"coordinates":[[12640,37926]],"size":[1,1,523],"rotations":[0],"colors":[7122329,6396809,8434380,6990537]},
  {"id":9534,"name":"Crate","type":10,"category":209,"actions":["Search"],"coordinates":[[12660,37946],[12728,37918],[12728,37914],[12740,37914],[12748,37914]],"size":[1,1,523],"rotations":[0,0,0,0,0],"colors":[7122329,6396809,8434380,6990537]},
  {"id":271,"name":"Anchor","type":10,"category":0,"actions":[],"coordinates":[[12664,37946]],"size":[1,1,523],"rotations":[0],"colors":[7122329,6396809,8434380,6990537]},
  {"id":17408,"name":"Gangplank","type":10,"category":0,"actions":["Cross"],"coordinates":[[12664,37938]],"size":[1,1,523],"rotations":[0],"colors":[7122329,6396809,8434380,6990537]},
  {"id":59832,"name":"Gangplank","type":22,"category":2340,"actions":["Board","Board-previous","Board-friend"],"coordinates":[[12672,37950]],"size":[1,1,523],"rotations":[0],"colors":[7122329,6396809,8434380,6990537]},
  {"id":60306,"name":"Notice board","type":10,"category":2344,"actions":["Inspect"],"coordinates":[[12684,37938]],"size":[3,1,523],"rotations":[0],"colors":[7122329,6396809,8434380,6990537]},
  {"id":59794,"name":"Buoy","type":10,"category":2339,"actions":["Dock"],"coordinates":[[12694,37960]],"size":[2,2,523],"rotations":[0],"colors":[7122329,6396809,8434380,6990537]},
  {"id":60313,"name":"Crate","type":10,"category":0,"actions":[],"coordinates":[[12692,37938]],"size":[1,1,523],"rotations":[0],"colors":[7122329,6396809,8434380,6990537]},
  {"id":3879,"name":"Tree","type":10,"category":189,"actions":["Chop down"],"coordinates":[[12700,37898],[12708,37970],[12712,37914],[12716,37982],[12716,37894],[12720,37930],[12724,37994],[12728,37906],[12732,37966],[12740,37954],[12744,37994],[12744,37894],[12748,38014],[12748,37966],[12752,37906],[12756,37950],[12756,37922],[12760,37990],[12764,38006],[12768,37898],[12776,37970],[12784,37894],[12788,37942],[12788,37906]],"size":[3,3,523],"rotations":[0,0,0,0,0,0,0,0,0,0,0,0,0,0,0,0,0,0,0,0,0,0,0,0],"colors":[7122329,6396809,8434380,6990537]},
  {"id":60319,"name":"Barrel of liquid","type":11,"category":0,"actions":[],"coordinates":[[12700,37946]],"size":[1,1,523],"rotations":[0],"colors":[7122329,6396809,8434380,6990537]},
  {"id":60320,"name":"Ledger table","type":10,"category":2345,"actions":["Take-cargo","Take-last-cargo","Take-any-cargo"],"coordinates":[[12700,37938]],"size":[1,1,523],"rotations":[0],"colors":[7122329,6396809,8434380,6990537]},
  {"id":60315,"name":"Crate","type":10,"category":0,"actions":[],"coordinates":[[12704,37938]],"size":[1,1,523],"rotations":[0],"colors":[7122329,6396809,8434380,6990537]},
  {"id":3888,"name":"Tree","type":10,"category":0,"actions":[],"coordinates":[[12712,38098],[12732,37894],[12744,37910],[12752,38078],[12780,37954],[12796,37942],[12796,37922]],"size":[1,1,523],"rotations":[0,0,0,0,0,0,0],"colors":[7122329,6396809,8434380,6990537]},
  {"id":3992,"name":"Standard","type":10,"category":0,"actions":[],"coordinates":[[12712,37950],[12712,37934]],"size":[1,1,523],"rotations":[0,0],"colors":[7122329,6396809,8434380,6990537]},
  {"id":6709,"name":"Rock","type":10,"category":0,"actions":[],"coordinates":[[12718,38136]],"size":[2,2,523],"rotations":[0],"colors":[7122329,6396809,8434380,6990537]},
  {"id":3886,"name":"Tree","type":10,"category":0,"actions":[],"coordinates":[[12716,38002],[12740,37990],[12748,38042],[12760,37978],[12772,37922],[12772,37890],[12776,37902],[12776,37894],[12780,38070],[12780,37918],[12796,37914],[12796,37902]],"size":[1,1,523],"rotations":[0,0,0,0,0,0,0,0,0,0,0,0],"colors":[7122329,6396809,8434380,6990537]},
  {"id":3887,"name":"Tree","type":10,"category":0,"actions":[],"coordinates":[[12724,38014],[12764,37910],[12776,37942]],"size":[3,3,523],"rotations":[0,0,0],"colors":[7122329,6396809,8434380,6990537]},
  {"id":307,"name":"Cart","type":10,"category":0,"actions":[],"coordinates":[[12724,37948]],"size":[2,3,523],"rotations":[3],"colors":[7122329,6396809,8434380,6990537]},
  {"id":10663,"name":"Stepping stone","type":22,"category":0,"actions":["Cross"],"coordinates":[[12724,38142]],"size":[1,1,523],"rotations":[0],"colors":[7122329,6396809,8434380,6990537]},
  {"id":9535,"name":"Crates","type":11,"category":2307,"actions":["Search"],"coordinates":[[12724,37922],[12724,37918],[12736,37910],[12744,37918],[12748,37926]],"size":[1,1,523],"rotations":[0,0,0,0,0],"colors":[7122329,6396809,8434380,6990537]},
  {"id":6708,"name":"Small rock","type":10,"category":0,"actions":[],"coordinates":[[12728,38138]],"size":[1,1,523],"rotations":[0],"colors":[7122329,6396809,8434380,6990537]},
  {"id":3890,"name":"Tree","type":10,"category":0,"actions":[],"coordinates":[[12728,38110],[12752,38134],[12764,38102],[12768,38126]],"size":[1,1,523],"rotations":[0,0,0,0],"colors":[7122329,6396809,8434380,6990537]},
  {"id":9519,"name":"Barrel","type":10,"category":0,"actions":[],"coordinates":[[12728,37934],[12732,37918],[12736,37918],[12736,37914]],"size":[1,1,523],"rotations":[0,0,0,0],"colors":[7122329,6396809,8434380,6990537]},
  {"id":60463,"name":"Salvaging station","type":10,"category":2346,"actions":["Sort-salvage"],"coordinates":[[12728,37926]],"size":[3,1,523],"rotations":[3],"colors":[7122329,6396809,8434380,6990537]},
  {"id":3889,"name":"Tree","type":10,"category":0,"actions":[],"coordinates":[[12736,38058],[12740,38086],[12764,38062]],"size":[3,3,523],"rotations":[0,0,0],"colors":[7122329,6396809,8434380,6990537]},
  {"id":3891,"name":"Tree","type":10,"category":0,"actions":[],"coordinates":[[12752,38110]],"size":[3,3,523],"rotations":[0],"colors":[7122329,6396809,8434380,6990537]},
  {"id":3882,"name":"Tree","type":10,"category":189,"actions":["Chop down"],"coordinates":[[12776,37910]],"size":[3,3,523],"rotations":[0],"colors":[7122329,6396809,8434380,6990537]},
  {"id":3881,"name":"Tree","type":10,"category":189,"actions":["Chop down"],"coordinates":[[12788,37918]],"size":[3,3,523],"rotations":[0],"colors":[7122329,6396809,8434380,6990537]},
  {"id":3967,"name":"Tree","type":11,"category":0,"actions":[],"coordinates":[[12788,38018],[12796,38058]],"size":[1,1,523],"rotations":[0,0],"colors":[7122329,6396809,8434380,6990537]},
  {"id":3973,"name":"Corpse","type":11,"category":0,"actions":[],"coordinates":[[12792,38002]],"size":[1,1,523],"rotations":[0],"colors":[7122329,6396809,8434380,6990537]},
  {"id":3883,"name":"Tree","type":10,"category":189,"actions":["Chop down"],"coordinates":[[12794,37892]],"size":[2,2,523],"rotations":[0],"colors":[7122329,6396809,8434380,6990537]}
]