[
  {"id":29496,"name":"Fairy ring","type":10,"category":522,"actions":["Zanaris","Configure","Last-destination (AIP)"],"coordinates":[[12696,38150]],"size":[1,1,523],"rotations":[0],"colors":[7122329,6396809,8434380,6990537]},
  {"id":6708,"name":"Small rock","type":10,"category":0,"actions":[],"coordinates":[[12716,38146]],"size":[1,1,523],"rotations":[0],"colors":[7122329,6396809,8434380,6990537]},
  {"id":6707,"name":"Rock","type":10,"category":0,"actions":[],"coordinates":[[12726,38148]],"size":[2,2,523],"rotations":[0],"colors":[7122329,6396809,8434380,6990537]},
  {"id":3890,"name":"Tree","type":10,"category":0,"actions":[],"coordinates":[[12788,38174]],"size":[1,1,523],"rotations":[0],"colors":[7122329,6396809,8434380,6990537]}
]