[
  {"id":58981,"name":"Lost supplies","type":10,"category":2314,"actions":[],"coordinates":[[12580,37274],[12608,37322],[12612,37242],[12620,37158],[12624,37354],[12624,37294],[12684,37250]],"size":[1,1,523],"rotations":[0,0,0,0,0,0,0],"colors":[7122329,6396809,8434380,6990537]},
  {"id":60469,"name":"Barracuda shipwreck","type":10,"category":2348,"actions":[],"coordinates":[[12632,37264],[12718,37306]],"size":[3,2,523],"rotations":[2,1],"colors":[7122329,6396809,8434380,6990537]},
  {"id":59335,"name":"Elven river mine","type":10,"category":2317,"actions":["Chart"],"coordinates":[[12724,37334]],"size":[1,1,523],"rotations":[0],"colors":[7122329,6396809,8434380,6990537]},
  {"id":59832,"name":"Gangplank","type":22,"category":2340,"actions":["Board","Board-previous","Board-friend"],"coordinates":[[12728,37134]],"size":[1,1,523],"rotations":[0],"colors":[7122329,6396809,8434380,6990537]},
  {"id":58936,"name":"Crystal of Ithell","type":10,"category":0,"actions":[],"coordinates":[[12732,37270]],"size":[1,1,523],"rotations":[0],"colors":[7122329,6396809,8434380,6990537]},
  {"id":60316,"name":"Crate","type":10,"category":0,"actions":[],"coordinates":[[12744,37126]],"size":[1,1,523],"rotations":[0],"colors":[7122329,6396809,8434380,6990537]},
  {"id":60308,"name":"Notice board","type":10,"category":2344,"actions":["Inspect"],"coordinates":[[12752,37126]],"size":[3,1,523],"rotations":[0],"colors":[7122329,6396809,8434380,6990537]},
  {"id":3886,"name":"Tree","type":10,"category":0,"actions":[],"coordinates":[[12756,37342],[12760,37338],[12764,37274],[12768,37278],[12772,37266],[12776,37358],[12780,37282],[12784,37290],[12784,37278],[12788,37322],[12792,37286],[12792,37270]],"size":[1,1,523],"rotations":[0,0,0,0,0,0,0,0,0,0,0,0],"colors":[7122329,6396809,8434380,6990537]},
  {"id":59798,"name":"Buoy","type":11,"category":2339,"actions":["Dock"],"coordinates":[[12758,37144]],"size":[2,2,523],"rotations":[0],"colors":[7122329,6396809,8434380,6990537]},
  {"id":50902,"name":"Bank Deposit Box","type":10,"category":276,"actions":["Deposit"],"coordinates":[[12760,37126]],"size":[1,1,523],"rotations":[0],"colors":[7122329,6396809,8434380,6990537]},
  {"id":36679,"name":"Tree","type":10,"category":189,"actions":["Chop down"],"coordinates":[[12768,37306],[12780,37338],[12780,37270],[12792,37342],[12792,37330],[12792,37278]],"size":[3,3,523],"rotations":[0,0,0,0,0,0],"colors":[7122329,6396809,8434380,6990537]},
  {"id":36677,"name":"Tree","type":10,"category":189,"actions":["Chop down"],"coordinates":[[12770,37272],[12790,37264]],"size":[2,2,523],"rotations":[0,0],"colors":[7122329,6396809,8434380,6990537]},
  {"id":36674,"name":"Tree","type":10,"category":189,"actions":["Chop down"],"coordinates":[[12776,37174],[12788,37194],[12788,37146]],"size":[3,3,523],"rotations":[0,0,0],"colors":[7122329,6396809,8434380,6990537]},
  {"id":36672,"name":"Tree","type":10,"category":189,"actions":["Chop down"],"coordinates":[[12778,37188],[12778,37164],[12786,37208],[12786,37180],[12790,37160],[12794,37172]],"size":[2,2,523],"rotations":[0,0,0,0,0,0],"colors":[7122329,6396809,8434380,6990537]},
  {"id":60463,"name":"Salvaging station","type":10,"category":2346,"actions":["Sort-salvage"],"coordinates":[[12780,37134]],"size":[3,1,523],"rotations":[2],"colors":[7122329,6396809,8434380,6990537]},
  {"id":60318,"name":"Barrel of fish","type":10,"category":0,"actions":[],"coordinates":[[12776,37122]],"size":[1,1,523],"rotations":[0],"colors":[7122329,6396809,8434380,6990537]},
  {"id":11933,"name":"Rockslide","type":10,"category":0,"actions":[],"coordinates":[[12794,37236],[12794,37136],[12798,37200],[12798,37192],[12798,37144]],"size":[2,2,523],"rotations":[0,0,0,0,0],"colors":[7122329,6396809,8434380,6990537]}
]