[
  {"id":16639,"name":"Windswept Tree","type":10,"category":0,"actions":[],"coordinates":[[12550,34628],[12574,34692],[12578,34616],[12754,34696]],"size":[2,2,523],"rotations":[0,0,0,0],"colors":[7122329,6396809,8434380,6990537]},
  {"id":16958,"name":"Row boat","type":10,"category":0,"actions":[],"coordinates":[[12580,34774]],"size":[3,3,523],"rotations":[0],"colors":[7122329,6396809,8434380,6990537]},
  {"id":16859,"name":"Hanging pirate","type":10,"category":529,"actions":[],"coordinates":[[12608,34706]],"size":[3,1,523],"rotations":[3],"colors":[7122329,6396809,8434380,6990537]},
  {"id":6472,"name":"Ice chunks","type":10,"category":0,"actions":[],"coordinates":[[12614,34688]],"size":[2,2,523],"rotations":[0],"colors":[7122329,6396809,8434380,6990537]},
  {"id":6474,"name":"Ice chunks","type":10,"category":0,"actions":[],"coordinates":[[12638,34676]],"size":[2,2,523],"rotations":[0],"colors":[7122329,6396809,8434380,6990537]},
  {"id":6475,"name":"Ice chunks","type":10,"category":0,"actions":[],"coordinates":[[12638,34656],[12718,34664]],"size":[2,2,523],"rotations":[0,0],"colors":[7122329,6396809,8434380,6990537]},
  {"id":16880,"name":"Cannonballs","type":10,"category":529,"actions":[],"coordinates":[[12640,34798],[12652,34770]],"size":[1,1,523],"rotations":[0,0],"colors":[7122329,6396809,8434380,6990537]},
  {"id":16879,"name":"Cannonballs","type":10,"category":529,"actions":[],"coordinates":[[12640,34794]],"size":[1,1,523],"rotations":[0],"colors":[7122329,6396809,8434380,6990537]},
  {"id":16884,"name":"Barrel","type":10,"category":529,"actions":["Take-from"],"coordinates":[[12644,34794],[12728,34674]],"size":[1,1,523],"rotations":[0,0],"colors":[7122329,6396809,8434380,6990537]},
  {"id":16863,"name":"Crate","type":10,"category":529,"actions":[],"coordinates":[[12644,34780],[12650,34786],[12658,34770],[12664,34776],[12668,34776]],"size":[2,1,523],"rotations":[1,0,0,1,1],"colors":[7122329,6396809,8434380,6990537]},
  {"id":16865,"name":"Crate","type":10,"category":529,"actions":[],"coordinates":[[12646,34774]],"size":[2,1,523],"rotations":[0],"colors":[7122329,6396809,8434380,6990537]},
  {"id":16872,"name":"Fish bits","type":10,"category":529,"actions":[],"coordinates":[[12644,34650],[12652,34662],[12656,34806]],"size":[1,1,523],"rotations":[0,0,0],"colors":[7122329,6396809,8434380,6990537]},
  {"id":16901,"name":"Lantern","type":4,"category":529,"actions":[],"coordinates":[[12648,34814],[12652,34794],[12652,34790],[12660,34794],[12660,34790],[12664,34814],[12664,34654]],"size":[1,1,523],"rotations":[0,0,0,0,0,0,0],"colors":[7122329,6396809,8434380,6990537]},
  {"id":16862,"name":"Crate","type":10,"category":529,"actions":[],"coordinates":[[12648,34782],[12656,34766]],"size":[1,1,523],"rotations":[0,0],"colors":[7122329,6396809,8434380,6990537]},
  {"id":16876,"name":"Barrel","type":10,"category":529,"actions":[],"coordinates":[[12648,34662],[12652,34658],[12660,34810],[12660,34806]],"size":[1,1,523],"rotations":[0,0,0,0],"colors":[7122329,6396809,8434380,6990537]},
  {"id":16877,"name":"Barrel","type":10,"category":529,"actions":[],"coordinates":[[12652,34810],[12656,34810],[12656,34774],[12660,34802],[12664,34790],[12668,34790],[12668,34782],[12672,34790]],"size":[1,1,523],"rotations":[0,0,0,0,0,0,0,0],"colors":[7122329,6396809,8434380,6990537]},
  {"id":16890,"name":"Chest","type":10,"category":529,"actions":[],"coordinates":[[12652,34766]],"size":[1,1,523],"rotations":[0],"colors":[7122329,6396809,8434380,6990537]},
  {"id":16946,"name":"Stairs","type":10,"category":529,"actions":["Climb"],"coordinates":[[12660,34786]],"size":[1,1,523],"rotations":[0],"colors":[7122329,6396809,8434380,6990537]},
  {"id":16860,"name":"Tar barrel","type":10,"category":529,"actions":["Take-from"],"coordinates":[[12660,34778]],"size":[1,1,523],"rotations":[0],"colors":[7122329,6396809,8434380,6990537]},
  {"id":16885,"name":"Barrel","type":10,"category":529,"actions":["Take-from"],"coordinates":[[12660,34774],[12664,34794]],"size":[1,1,523],"rotations":[0,0],"colors":[7122329,6396809,8434380,6990537]},
  {"id":16895,"name":"Chain","type":10,"category":529,"actions":[],"coordinates":[[12660,34650]],"size":[1,1,523],"rotations":[0],"colors":[7122329,6396809,8434380,6990537]},
  {"id":16878,"name":"Sack","type":10,"category":529,"actions":[],"coordinates":[[12664,34810],[12668,34810],[12668,34650],[12672,34810]],"size":[1,1,523],"rotations":[0,0,0,0],"colors":[7122329,6396809,8434380,6990537]},
  {"id":16871,"name":"Sack pile","type":10,"category":529,"actions":[],"coordinates":[[12664,34784]],"size":[2,1,523],"rotations":[3],"colors":[7122329,6396809,8434380,6990537]},
  {"id":16968,"name":"Shelf","type":5,"category":0,"actions":[],"coordinates":[[12664,34658]],"size":[1,1,523],"rotations":[0],"colors":[7122329,6396809,8434380,6990537]},
  {"id":14996,"name":"Ladder","type":10,"category":0,"actions":["Climb-down"],"coordinates":[[12664,34654]],"size":[1,1,523],"rotations":[0],"colors":[7122329,6396809,8434380,6990537]},
  {"id":16882,"name":"Barrel","type":10,"category":529,"actions":[],"coordinates":[[12670,34806],[12670,34802],[12670,34798],[12670,34794]],"size":[2,1,523],"rotations":[0,0,0,0],"colors":[7122329,6396809,8434380,6990537]},
  {"id":6267,"name":"Golden cage","type":10,"category":0,"actions":[],"coordinates":[[12668,34786]],"size":[1,1,523],"rotations":[0],"colors":[7122329,6396809,8434380,6990537]},
  {"id":6473,"name":"Ice chunks","type":10,"category":0,"actions":[],"coordinates":[[12678,34660]],"size":[2,2,523],"rotations":[0],"colors":[7122329,6396809,8434380,6990537]},
  {"id":16870,"name":"Sack pile","type":10,"category":529,"actions":[],"coordinates":[[12710,34662]],"size":[2,1,523],"rotations":[0],"colors":[7122329,6396809,8434380,6990537]},
  {"id":16867,"name":"Sack pile","type":10,"category":529,"actions":[],"coordinates":[[12712,34658]],"size":[1,1,523],"rotations":[0],"colors":[7122329,6396809,8434380,6990537]}
]