[
  {"id":16960,"name":"Ladder","type":10,"category":0,"actions":["Climb"],"coordinates":[[12568,34854]],"size":[1,1,523],"rotations":[0],"colors":[7122329,6396809,8434380,6990537]},
  {"id":16639,"name":"Windswept Tree","type":10,"category":0,"actions":[],"coordinates":[[12574,35040],[12582,34908],[12614,34944],[12626,34988],[12638,34996],[12662,34984]],"size":[2,2,523],"rotations":[0,0,0,0,0,0],"colors":[7122329,6396809,8434380,6990537]},
  {"id":16958,"name":"Row boat","type":10,"category":0,"actions":[],"coordinates":[[12588,34878],[12660,34918]],"size":[3,3,523],"rotations":[0,0],"colors":[7122329,6396809,8434380,6990537]},
  {"id":16864,"name":"Crate","type":10,"category":529,"actions":[],"coordinates":[[12614,34894],[12630,34906],[12700,34916]],"size":[2,1,523],"rotations":[2,0,3],"colors":[7122329,6396809,8434380,6990537]},
  {"id":16878,"name":"Sack","type":10,"category":529,"actions":[],"coordinates":[[12624,34894],[12636,34906]],"size":[1,1,523],"rotations":[0,0],"colors":[7122329,6396809,8434380,6990537]},
  {"id":16862,"name":"Crate","type":10,"category":529,"actions":[],"coordinates":[[12632,34894]],"size":[1,1,523],"rotations":[0],"colors":[7122329,6396809,8434380,6990537]},
  {"id":16873,"name":"Fish bits","type":10,"category":529,"actions":[],"coordinates":[[12640,34870]],"size":[1,1,523],"rotations":[0],"colors":[7122329,6396809,8434380,6990537]},
  {"id":16901,"name":"Lantern","type":5,"category":529,"actions":[],"coordinates":[[12640,34866],[12640,34854],[12648,34834],[12648,34830],[12656,34870],[12656,34854],[12660,34830],[12664,34870],[12664,34834],[12672,34854]],"size":[1,1,523],"rotations":[0,0,0,0,0,0,0,0,0,0],"colors":[7122329,6396809,8434380,6990537]},
  {"id":16893,"name":"Cooking range","type":10,"category":529,"actions":["Cook"],"coordinates":[[12640,34860]],"size":[1,2,523],"rotations":[0],"colors":[7122329,6396809,8434380,6990537]},
  {"id":16869,"name":"Sack pile","type":10,"category":529,"actions":[],"coordinates":[[12644,34878]],"size":[1,1,523],"rotations":[0],"colors":[7122329,6396809,8434380,6990537]},
  {"id":16868,"name":"Sack pile","type":10,"category":529,"actions":[],"coordinates":[[12644,34874],[12656,35022],[12656,34858]],"size":[1,1,523],"rotations":[0,0,0],"colors":[7122329,6396809,8434380,6990537]},
  {"id":16882,"name":"Barrel","type":10,"category":529,"actions":[],"coordinates":[[12646,34870]],"size":[2,1,523],"rotations":[0],"colors":[7122329,6396809,8434380,6990537]},
  {"id":16970,"name":"Shelf","type":4,"category":0,"actions":[],"coordinates":[[12644,34858]],"size":[1,1,523],"rotations":[0],"colors":[7122329,6396809,8434380,6990537]},
  {"id":16895,"name":"Chain","type":10,"category":529,"actions":[],"coordinates":[[12648,35006],[12656,34842]],"size":[1,1,523],"rotations":[0,0],"colors":[7122329,6396809,8434380,6990537]},
  {"id":16870,"name":"Sack pile","type":10,"category":529,"actions":[],"coordinates":[[12648,34876],[12658,35018],[12660,34876],[12672,34868]],"size":[2,1,523],"rotations":[1,2,1,3],"colors":[7122329,6396809,8434380,6990537]},
  {"id":16861,"name":"Hammock","type":10,"category":529,"actions":[],"coordinates":[[12650,34834],[12658,34834],[12668,34852],[12668,34836]],"size":[2,1,523],"rotations":[0,0,3,3],"colors":[7122329,6396809,8434380,6990537]},
  {"id":6475,"name":"Ice chunks","type":10,"category":0,"actions":[],"coordinates":[[12654,35032],[12758,34972]],"size":[2,2,523],"rotations":[0,0],"colors":[7122329,6396809,8434380,6990537]},
  {"id":60309,"name":"Notice board","type":10,"category":2344,"actions":["Inspect"],"coordinates":[[12656,34894]],"size":[3,1,523],"rotations":[0],"colors":[7122329,6396809,8434380,6990537]},
  {"id":5610,"name":"Cooking Pots","type":10,"category":0,"actions":[],"coordinates":[[12652,34874]],"size":[1,1,523],"rotations":[0],"colors":[7122329,6396809,8434380,6990537]},
  {"id":16972,"name":"Shelf","type":4,"category":0,"actions":[],"coordinates":[[12652,34866]],"size":[1,1,523],"rotations":[0],"colors":[7122329,6396809,8434380,6990537]},
  {"id":16968,"name":"Shelf","type":4,"category":0,"actions":[],"coordinates":[[12652,34858]],"size":[1,1,523],"rotations":[0],"colors":[7122329,6396809,8434380,6990537]},
  {"id":16884,"name":"Barrel","type":10,"category":529,"actions":["Take-from"],"coordinates":[[12660,35014]],"size":[1,1,523],"rotations":[0],"colors":[7122329,6396809,8434380,6990537]},
  {"id":16876,"name":"Barrel","type":10,"category":529,"actions":[],"coordinates":[[12660,34870]],"size":[1,1,523],"rotations":[0],"colors":[7122329,6396809,8434380,6990537]},
  {"id":16874,"name":"Stool","type":10,"category":529,"actions":[],"coordinates":[[12660,34866]],"size":[1,1,523],"rotations":[0],"colors":[7122329,6396809,8434380,6990537]},
  {"id":16885,"name":"Barrel","type":10,"category":529,"actions":["Take-from"],"coordinates":[[12660,34846],[12668,34870]],"size":[1,1,523],"rotations":[0,0],"colors":[7122329,6396809,8434380,6990537]},
  {"id":9562,"name":"Cell door","type":0,"category":0,"actions":["Open"],"coordinates":[[12660,34826]],"size":[1,1,523],"rotations":[0],"colors":[7122329,6396809,8434380,6990537]},
  {"id":16860,"name":"Tar barrel","type":10,"category":529,"actions":["Take-from"],"coordinates":[[12664,35018],[12672,34838]],"size":[1,1,523],"rotations":[0,0],"colors":[7122329,6396809,8434380,6990537]},
  {"id":16875,"name":"Stool","type":10,"category":529,"actions":[],"coordinates":[[12664,34870]],"size":[1,1,523],"rotations":[0],"colors":[7122329,6396809,8434380,6990537]},
  {"id":16867,"name":"Sack pile","type":10,"category":529,"actions":[],"coordinates":[[12664,34858]],"size":[1,1,523],"rotations":[0],"colors":[7122329,6396809,8434380,6990537]},
  {"id":4288,"name":"Bed","type":10,"category":0,"actions":[],"coordinates":[[12668,34844]],"size":[2,3,523],"rotations":[1],"colors":[7122329,6396809,8434380,6990537]},
  {"id":16886,"name":"Barrel","type":10,"category":529,"actions":[],"coordinates":[[12668,34894],[12672,34862]],"size":[1,1,523],"rotations":[0,0],"colors":[7122329,6396809,8434380,6990537]},
  {"id":16865,"name":"Crate","type":10,"category":529,"actions":[],"coordinates":[[12668,34876],[12694,34918]],"size":[2,1,523],"rotations":[1,0],"colors":[7122329,6396809,8434380,6990537]},
  {"id":16872,"name":"Fish bits","type":10,"category":529,"actions":[],"coordinates":[[12668,34866]],"size":[1,1,523],"rotations":[0],"colors":[7122329,6396809,8434380,6990537]},
  {"id":16971,"name":"Shelf","type":4,"category":0,"actions":[],"coordinates":[[12668,34858]],"size":[1,1,523],"rotations":[0],"colors":[7122329,6396809,8434380,6990537]},
  {"id":60462,"name":"Salvaging station","type":10,"category":2346,"actions":["Sort-salvage"],"coordinates":[[12680,34894]],"size":[3,1,523],"rotations":[0],"colors":[7122329,6396809,8434380,6990537]},
  {"id":60320,"name":"Ledger table","type":10,"category":2345,"actions":["Take-cargo","Take-last-cargo","Take-any-cargo"],"coordinates":[[12680,34914]],"size":[1,1,523],"rotations":[0],"colors":[7122329,6396809,8434380,6990537]},
  {"id":60319,"name":"Barrel of liquid","type":10,"category":0,"actions":[],"coordinates":[[12680,34910]],"size":[1,1,523],"rotations":[0],"colors":[7122329,6396809,8434380,6990537]},
  {"id":6474,"name":"Ice chunks","type":10,"category":0,"actions":[],"coordinates":[[12686,35016],[12746,34948]],"size":[2,2,523],"rotations":[0,0],"colors":[7122329,6396809,8434380,6990537]},
  {"id":6472,"name":"Ice chunks","type":10,"category":0,"actions":[],"coordinates":[[12686,34992],[12758,34956]],"size":[2,2,523],"rotations":[0,0],"colors":[7122329,6396809,8434380,6990537]},
  {"id":6473,"name":"Ice chunks","type":10,"category":0,"actions":[],"coordinates":[[12690,34984],[12738,34944]],"size":[2,2,523],"rotations":[0,0],"colors":[7122329,6396809,8434380,6990537]},
  {"id":60317,"name":"Crate","type":10,"category":0,"actions":[],"coordinates":[[12688,34918]],"size":[1,1,523],"rotations":[0],"colors":[7122329,6396809,8434380,6990537]},
  {"id":50902,"name":"Bank Deposit Box","type":11,"category":276,"actions":["Deposit"],"coordinates":[[12700,34894]],"size":[1,1,523],"rotations":[0],"colors":[7122329,6396809,8434380,6990537]},
  {"id":59832,"name":"Gangplank","type":22,"category":2340,"actions":["Board","Board-previous","Board-friend"],"coordinates":[[12704,34906]],"size":[1,1,523],"rotations":[0],"colors":[7122329,6396809,8434380,6990537]},
  {"id":34783,"name":"Pillar","type":10,"category":0,"actions":[],"coordinates":[[12712,34978],[12724,34958],[12732,34990],[12744,34970]],"size":[1,1,523],"rotations":[0,0,0,0],"colors":[7122329,6396809,8434380,6990537]},
  {"id":34784,"name":"Pillar","type":10,"category":0,"actions":[],"coordinates":[[12712,34970],[12724,34990],[12732,34958],[12744,34978]],"size":[1,1,523],"rotations":[0,0,0,0],"colors":[7122329,6396809,8434380,6990537]},
  {"id":59800,"name":"Buoy","type":11,"category":2339,"actions":["Dock"],"coordinates":[[12714,34884]],"size":[2,2,523],"rotations":[0],"colors":[7122329,6396809,8434380,6990537]},
  {"id":34789,"name":"Mysterious glow","type":10,"category":0,"actions":[],"coordinates":[[12716,34986],[12716,34962],[12740,34986],[12740,34962]],"size":[1,1,523],"rotations":[0,0,0,0],"colors":[7122329,6396809,8434380,6990537]},
  {"id":34771,"name":"Altar","type":10,"category":2156,"actions":["Craft-rune","Pray"],"coordinates":[[12728,34974]],"size":[3,3,523],"rotations":[0],"colors":[7122329,6396809,8434380,6990537]}
]