[
  {"id":1394,"name":"Plant","type":10,"category":0,"actions":[],"coordinates":[[12554,30804]],"size":[2,2,523],"rotations":[0],"colors":[7122329,6396809,8434380,6990537]},
  {"id":10787,"name":"Rock","type":10,"category":0,"actions":[],"coordinates":[[12556,30838],[12564,30846],[12572,30842]],"size":[1,1,523],"rotations":[0,0,0],"colors":[7122329,6396809,8434380,6990537]},
  {"id":7053,"name":"Seed Stall","type":10,"category":0,"actions":["Steal from"],"coordinates":[[12558,30776],[12574,30760]],"size":[2,2,523],"rotations":[0,0],"colors":[7122329,6396809,8434380,6990537]},
  {"id":10788,"name":"Rock","type":10,"category":0,"actions":[],"coordinates":[[12566,30828],[12574,30848]],"size":[2,2,523],"rotations":[0,0],"colors":[7122329,6396809,8434380,6990537]},
  {"id":1561,"name":"Gate","type":0,"category":0,"actions":["Open"],"coordinates":[[12564,30742]],"size":[1,1,523],"rotations":[0],"colors":[7122329,6396809,8434380,6990537]},
  {"id":1562,"name":"Gate","type":0,"category":0,"actions":["Open"],"coordinates":[[12568,30742]],"size":[1,1,523],"rotations":[0],"colors":[7122329,6396809,8434380,6990537]},
  {"id":5595,"name":"Toy Stall","type":10,"category":0,"actions":[],"coordinates":[[12574,30788]],"size":[2,2,523],"rotations":[0],"colors":[7122329,6396809,8434380,6990537]},
  {"id":10833,"name":"Willow tree","type":10,"category":286,"actions":["Chop down"],"coordinates":[[12590,30824]],"size":[2,2,523],"rotations":[0],"colors":[7122329,6396809,8434380,6990537]},
  {"id":1278,"name":"Tree","type":10,"category":189,"actions":["Chop down"],"coordinates":[[12590,30804],[12602,30800],[12654,30804],[12662,30764],[12682,30848],[12682,30748],[12694,30748],[12702,30820],[12702,30784],[12706,30800],[12710,30832],[12710,30764],[12718,30784]],"size":[2,2,523],"rotations":[0,0,0,0,0,0,0,0,0,0,0,0,0],"colors":[7122329,6396809,8434380,6990537]},
  {"id":1021,"name":"Shelf","type":5,"category":0,"actions":[],"coordinates":[[12588,30750]],"size":[1,1,523],"rotations":[0],"colors":[7122329,6396809,8434380,6990537]},
  {"id":908,"name":"Magical symbol","type":5,"category":0,"actions":[],"coordinates":[[12588,30742]],"size":[1,1,523],"rotations":[0],"colors":[7122329,6396809,8434380,6990537]},
  {"id":5562,"name":"Cloth","type":10,"category":0,"actions":[],"coordinates":[[12588,30742]],"size":[1,1,523],"rotations":[0],"colors":[7122329,6396809,8434380,6990537]},
  {"id":605,"name":"Table","type":10,"category":155,"actions":[],"coordinates":[[12588,30734],[12596,30730]],"size":[1,1,523],"rotations":[0,0],"colors":[7122329,6396809,8434380,6990537]},
  {"id":3801,"name":"Chair","type":11,"category":0,"actions":[],"coordinates":[[12588,30730],[12600,30730],[12608,30730],[12632,30766]],"size":[1,1,523],"rotations":[0,0,0,0],"colors":[7122329,6396809,8434380,6990537]},
  {"id":5615,"name":"Bench","type":10,"category":0,"actions":[],"coordinates":[[12594,30790],[12594,30758],[12636,30748],[12646,30754]],"size":[2,1,523],"rotations":[2,0,1,0],"colors":[7122329,6396809,8434380,6990537]},
  {"id":5622,"name":"Wardrobe","type":10,"category":0,"actions":["Open"],"coordinates":[[12592,30750],[12604,30730]],"size":[1,1,523],"rotations":[0,0],"colors":[7122329,6396809,8434380,6990537]},
  {"id":10829,"name":"Willow tree","type":10,"category":286,"actions":["Chop down"],"coordinates":[[12598,30832],[12606,30848]],"size":[2,2,523],"rotations":[0,0],"colors":[7122329,6396809,8434380,6990537]},
  {"id":5558,"name":"Aggie's Cauldron","type":10,"category":0,"actions":[],"coordinates":[[12596,30742]],"size":[1,1,523],"rotations":[0],"colors":[7122329,6396809,8434380,6990537]},
  {"id":1020,"name":"Shelf","type":4,"category":0,"actions":[],"coordinates":[[12600,30750]],"size":[1,1,523],"rotations":[0],"colors":[7122329,6396809,8434380,6990537]},
  {"id":7068,"name":"Old Bookshelf","type":10,"category":205,"actions":["Search"],"coordinates":[[12604,30766]],"size":[1,1,523],"rotations":[0],"colors":[7122329,6396809,8434380,6990537]},
  {"id":7066,"name":"Old Bookshelf","type":10,"category":205,"actions":["Search"],"coordinates":[[12604,30762]],"size":[1,1,523],"rotations":[0],"colors":[7122329,6396809,8434380,6990537]},
  {"id":7065,"name":"Old Bookshelf","type":10,"category":205,"actions":["Search"],"coordinates":[[12604,30758]],"size":[1,1,523],"rotations":[0],"colors":[7122329,6396809,8434380,6990537]},
  {"id":7090,"name":"Globe of Gielinor","type":10,"category":0,"actions":[],"coordinates":[[12604,30754]],"size":[1,1,523],"rotations":[0],"colors":[7122329,6396809,8434380,6990537]},
  {"id":5561,"name":"Broom","type":10,"category":0,"actions":[],"coordinates":[[12604,30750]],"size":[1,1,523],"rotations":[0],"colors":[7122329,6396809,8434380,6990537]},
  {"id":10819,"name":"Willow tree","type":11,"category":286,"actions":["Chop down"],"coordinates":[[12610,30836]],"size":[2,2,523],"rotations":[0],"colors":[7122329,6396809,8434380,6990537]},
  {"id":9150,"name":"Wall","type":2,"category":0,"actions":[],"coordinates":[[12608,30790]],"size":[1,1,523],"rotations":[0],"colors":[7122329,6396809,8434380,6990537]},
  {"id":1535,"name":"Door","type":0,"category":0,"actions":["Open"],"coordinates":[[12608,30770],[12608,30742],[12624,30754],[12660,30742]],"size":[1,1,523],"rotations":[0,0,0,0],"colors":[7122329,6396809,8434380,6990537]},
  {"id":5560,"name":"Mirror","type":10,"category":0,"actions":[],"coordinates":[[12608,30750]],"size":[1,1,523],"rotations":[0],"colors":[7122329,6396809,8434380,6990537]},
  {"id":1019,"name":"Shelf","type":5,"category":0,"actions":[],"coordinates":[[12608,30734]],"size":[1,1,523],"rotations":[0],"colors":[7122329,6396809,8434380,6990537]},
  {"id":591,"name":"Bank table","type":10,"category":154,"actions":[],"coordinates":[[12612,30808]],"size":[2,1,523],"rotations":[1],"colors":[7122329,6396809,8434380,6990537]},
  {"id":590,"name":"Bank table","type":10,"category":154,"actions":[],"coordinates":[[12612,30796]],"size":[2,1,523],"rotations":[1],"colors":[7122329,6396809,8434380,6990537]},
  {"id":968,"name":"Pirate map","type":4,"category":0,"actions":[],"coordinates":[[12612,30770]],"size":[1,1,523],"rotations":[0],"colors":[7122329,6396809,8434380,6990537]},
  {"id":7058,"name":"Old Bookshelf","type":10,"category":205,"actions":["Search"],"coordinates":[[12612,30762],[12616,30762],[12620,30762],[12624,30762]],"size":[1,1,523],"rotations":[0,0,0,0],"colors":[7122329,6396809,8434380,6990537]},
  {"id":7077,"name":"Old Bookshelf","type":10,"category":205,"actions":["Search"],"coordinates":[[12612,30754]],"size":[1,1,523],"rotations":[0],"colors":[7122329,6396809,8434380,6990537]},
  {"id":358,"name":"Crate","type":10,"category":0,"actions":["Search"],"coordinates":[[12612,30750],[12612,30722]],"size":[1,1,523],"rotations":[0,0],"colors":[7122329,6396809,8434380,6990537]},
  {"id":357,"name":"Crate","type":10,"category":0,"actions":["Search"],"coordinates":[[12612,30746],[12612,30726],[12640,30750],[12640,30746]],"size":[1,1,523],"rotations":[0,0,0,0],"colors":[7122329,6396809,8434380,6990537]},
  {"id":5559,"name":"Charms","type":4,"category":0,"actions":[],"coordinates":[[12612,30738]],"size":[1,1,523],"rotations":[0],"colors":[7122329,6396809,8434380,6990537]},
  {"id":362,"name":"Barrel","type":10,"category":0,"actions":[],"coordinates":[[12612,30730],[12616,30750],[12616,30722],[12620,30722],[12640,30742]],"size":[1,1,523],"rotations":[0,0,0,0,0],"colors":[7122329,6396809,8434380,6990537]},
  {"id":16670,"name":"Staircase","type":10,"category":0,"actions":["Climb-up"],"coordinates":[[12620,30770]],"size":[1,3,523],"rotations":[3],"colors":[7122329,6396809,8434380,6990537]},
  {"id":7089,"name":"Old Bookshelf","type":10,"category":205,"actions":["Search"],"coordinates":[[12616,30754]],"size":[1,1,523],"rotations":[0],"colors":[7122329,6396809,8434380,6990537]},
  {"id":307,"name":"Cart","type":10,"category":0,"actions":[],"coordinates":[[12620,30728]],"size":[2,3,523],"rotations":[1],"colors":[7122329,6396809,8434380,6990537]},
  {"id":10527,"name":"Bank booth","type":10,"category":0,"actions":[],"coordinates":[[12620,30810],[12640,30810],[12640,30806],[12640,30798],[12640,30794]],"size":[1,1,523],"rotations":[0,0,0,0,0],"colors":[7122329,6396809,8434380,6990537]},
  {"id":10355,"name":"Bank booth","type":10,"category":684,"actions":["Bank","Collect"],"coordinates":[[12620,30806],[12620,30802],[12620,30794]],"size":[1,1,523],"rotations":[0,0,0],"colors":[7122329,6396809,8434380,6990537]},
  {"id":10528,"name":"Closed bank booth","type":10,"category":0,"actions":[],"coordinates":[[12620,30798]],"size":[1,1,523],"rotations":[0],"colors":[7122329,6396809,8434380,6990537]},
  {"id":7079,"name":"Old Bookshelf","type":10,"category":205,"actions":["Search"],"coordinates":[[12620,30754]],"size":[1,1,523],"rotations":[0],"colors":[7122329,6396809,8434380,6990537]},
  {"id":10790,"name":"Boulder","type":10,"category":0,"actions":[],"coordinates":[[12626,30844]],"size":[2,2,523],"rotations":[0],"colors":[7122329,6396809,8434380,6990537]},
  {"id":961,"name":"Bank notice board","type":4,"category":0,"actions":[],"coordinates":[[12624,30810],[12632,30790]],"size":[1,1,523],"rotations":[0,0],"colors":[7122329,6396809,8434380,6990537]},
  {"id":1102,"name":"Stool","type":10,"category":219,"actions":[],"coordinates":[[12628,30814],[12632,30814],[12640,30814],[12640,30790],[12644,30790],[12648,30734],[12652,30734]],"size":[1,1,523],"rotations":[0,0,0,0,0,0,0],"colors":[7122329,6396809,8434380,6990537]},
  {"id":595,"name":"Table","type":10,"category":156,"actions":[],"coordinates":[[12630,30810]],"size":[2,1,523],"rotations":[0],"colors":[7122329,6396809,8434380,6990537]},
  {"id":7091,"name":"Study Desk","type":10,"category":0,"actions":[],"coordinates":[[12630,30770]],"size":[2,1,523],"rotations":[2],"colors":[7122329,6396809,8434380,6990537]},
  {"id":7073,"name":"Old Bookshelf","type":10,"category":205,"actions":["Search"],"coordinates":[[12632,30762]],"size":[1,1,523],"rotations":[0],"colors":[7122329,6396809,8434380,6990537]},
  {"id":7074,"name":"Old Bookshelf","type":10,"category":205,"actions":["Search"],"coordinates":[[12632,30758]],"size":[1,1,523],"rotations":[0],"colors":[7122329,6396809,8434380,6990537]},
  {"id":356,"name":"Crate","type":10,"category":0,"actions":["Search"],"coordinates":[[12640,30730],[12656,30730]],"size":[1,1,523],"rotations":[0,0],"colors":[7122329,6396809,8434380,6990537]},
  {"id":967,"name":"Hanging wheel","type":5,"category":0,"actions":[],"coordinates":[[12644,30750]],"size":[1,1,523],"rotations":[0],"colors":[7122329,6396809,8434380,6990537]},
  {"id":888,"name":"Painting","type":5,"category":0,"actions":[],"coordinates":[[12644,30730]],"size":[1,1,523],"rotations":[0],"colors":[7122329,6396809,8434380,6990537]},
  {"id":1088,"name":"Chair","type":11,"category":0,"actions":[],"coordinates":[[12644,30730]],"size":[1,1,523],"rotations":[0],"colors":[7122329,6396809,8434380,6990537]},
  {"id":5625,"name":"Ned's Table","type":10,"category":156,"actions":[],"coordinates":[[12650,30738]],"size":[2,1,523],"rotations":[0],"colors":[7122329,6396809,8434380,6990537]},
  {"id":1124,"name":"Bush","type":10,"category":0,"actions":[],"coordinates":[[12652,30814]],"size":[1,1,523],"rotations":[0],"colors":[7122329,6396809,8434380,6990537]},
  {"id":9151,"name":"Hole in the wall","type":10,"category":0,"actions":[],"coordinates":[[12652,30790]],"size":[1,1,523],"rotations":[0],"colors":[7122329,6396809,8434380,6990537]},
  {"id":1276,"name":"Tree","type":10,"category":189,"actions":["Chop down"],"coordinates":[[12654,30784],[12674,30844],[12698,30796],[12706,30844],[12710,30776],[12714,30748]],"size":[2,2,523],"rotations":[0,0,0,0,0,0],"colors":[7122329,6396809,8434380,6990537]},
  {"id":1096,"name":"Rocking chair","type":11,"category":0,"actions":[],"coordinates":[[12652,30746]],"size":[1,1,523],"rotations":[0],"colors":[7122329,6396809,8434380,6990537]},
  {"id":24969,"name":"Fireplace","type":10,"category":152,"actions":[],"coordinates":[[12656,30750]],"size":[1,1,523],"rotations":[0],"colors":[7122329,6396809,8434380,6990537]},
  {"id":969,"name":"Fishing net","type":5,"category":0,"actions":[],"coordinates":[[12660,30750]],"size":[1,1,523],"rotations":[0],"colors":[7122329,6396809,8434380,6990537]},
  {"id":604,"name":"Table","type":10,"category":154,"actions":[],"coordinates":[[12660,30738]],"size":[1,1,523],"rotations":[0],"colors":[7122329,6396809,8434380,6990537]},
  {"id":271,"name":"Anchor","type":11,"category":0,"actions":[],"coordinates":[[12660,30730]],"size":[1,1,523],"rotations":[0],"colors":[7122329,6396809,8434380,6990537]},
  {"id":10820,"name":"Oak tree","type":10,"category":279,"actions":["Chop down"],"coordinates":[[12668,30802],[12684,30782],[12716,30846],[12716,30814]],"size":[3,3,523],"rotations":[0,0,0,0],"colors":[7122329,6396809,8434380,6990537]},
  {"id":1393,"name":"Plant","type":10,"category":0,"actions":[],"coordinates":[[12676,30750],[12684,30826],[12684,30766],[12720,30822]],"size":[1,1,523],"rotations":[0,0,0,0],"colors":[7122329,6396809,8434380,6990537]},
  {"id":1392,"name":"Plant","type":10,"category":0,"actions":[],"coordinates":[[12690,30736]],"size":[2,2,523],"rotations":[0],"colors":[7122329,6396809,8434380,6990537]},
  {"id":1163,"name":"Mushroom","type":10,"category":0,"actions":[],"coordinates":[[12704,30814]],"size":[1,1,523],"rotations":[0],"colors":[7122329,6396809,8434380,6990537]}
]