[
  {"id":5331,"name":"Plant","type":10,"category":0,"actions":[],"coordinates":[[12890,30380],[12918,30360]],"size":[2,2,523],"rotations":[0,0],"colors":[7122329,6396809,8434380,6990537]},
  {"id":5332,"name":"Plant","type":10,"category":0,"actions":[],"coordinates":[[12912,30358],[12920,30366],[12924,30358]],"size":[1,1,523],"rotations":[0,0,0],"colors":[7122329,6396809,8434380,6990537]},
  {"id":5334,"name":"Plant","type":10,"category":0,"actions":[],"coordinates":[[12936,30370]],"size":[1,1,523],"rotations":[0],"colors":[7122329,6396809,8434380,6990537]},
  {"id":5333,"name":"Plant","type":10,"category":0,"actions":[],"coordinates":[[12942,30364]],"size":[2,2,523],"rotations":[0],"colors":[7122329,6396809,8434380,6990537]}
]