[
  {"id":15638,"name":"Incubation chamber","type":10,"category":0,"actions":["Investigate"],"coordinates":[[12894,28558],[12894,28534],[12894,28510],[12958,28558],[12958,28534],[12958,28510]],"size":[3,2,523],"rotations":[3,3,3,1,1,1],"colors":[7122329,6396809,8434380,6990537]},
  {"id":1281,"name":"Cage door","type":0,"category":0,"actions":["Open"],"coordinates":[[12908,28534]],"size":[1,1,523],"rotations":[0],"colors":[7122329,6396809,8434380,6990537]},
  {"id":27100,"name":"Crate","type":10,"category":0,"actions":["Search"],"coordinates":[[12912,28562],[12932,28558]],"size":[1,1,523],"rotations":[0,0],"colors":[7122329,6396809,8434380,6990537]},
  {"id":27102,"name":"Crates","type":10,"category":0,"actions":["Search"],"coordinates":[[12918,28560],[12938,28560]],"size":[2,2,523],"rotations":[0,0],"colors":[7122329,6396809,8434380,6990537]},
  {"id":20789,"name":"Lever","type":10,"category":0,"actions":[],"coordinates":[[12916,28506]],"size":[1,1,523],"rotations":[0],"colors":[7122329,6396809,8434380,6990537]},
  {"id":28683,"name":"Passage","type":10,"category":0,"actions":["Enter"],"coordinates":[[12924,28650]],"size":[1,1,523],"rotations":[0],"colors":[7122329,6396809,8434380,6990537]},
  {"id":777,"name":"Door","type":0,"category":0,"actions":["Open"],"coordinates":[[12924,28586]],"size":[1,1,523],"rotations":[0],"colors":[7122329,6396809,8434380,6990537]},
  {"id":12263,"name":"Stairs","type":10,"category":887,"actions":["Climb"],"coordinates":[[12926,28562]],"size":[2,3,523],"rotations":[2],"colors":[7122329,6396809,8434380,6990537]},
  {"id":23117,"name":"Device","type":10,"category":0,"actions":["Tamper"],"coordinates":[[12926,28476]],"size":[2,2,523],"rotations":[0],"colors":[7122329,6396809,8434380,6990537]},
  {"id":553,"name":"Door","type":0,"category":0,"actions":["Open"],"coordinates":[[12928,28586]],"size":[1,1,523],"rotations":[0],"colors":[7122329,6396809,8434380,6990537]},
  {"id":27101,"name":"Crates","type":11,"category":0,"actions":["Search"],"coordinates":[[12932,28562]],"size":[1,1,523],"rotations":[0],"colors":[7122329,6396809,8434380,6990537]},
  {"id":1306,"name":"Cage door","type":10,"category":0,"actions":[],"coordinates":[[12938,28528]],"size":[2,2,523],"rotations":[0],"colors":[7122329,6396809,8434380,6990537]},
  {"id":25369,"name":"Holding area","type":22,"category":0,"actions":["Use"],"coordinates":[[12936,28510],[12948,28574]],"size":[1,1,523],"rotations":[0,0],"colors":[7122329,6396809,8434380,6990537]},
  {"id":12262,"name":"Broken cage","type":10,"category":0,"actions":[],"coordinates":[[12944,28538]],"size":[1,1,523],"rotations":[0],"colors":[7122329,6396809,8434380,6990537]},
  {"id":12261,"name":"Broken cage","type":10,"category":0,"actions":[],"coordinates":[[12944,28530]],"size":[1,1,523],"rotations":[0],"colors":[7122329,6396809,8434380,6990537]}
]