[
  {"id":32187,"name":"Stone crate","type":11,"category":0,"actions":[],"coordinates":[[13112,8574],[13124,8590],[13140,8578],[13204,8522],[13260,8566]],"size":[1,1,523],"rotations":[0,0,0,0,0],"colors":[7122329,6396809,8434380,6990537]},
  {"id":32073,"name":"Ancient Machinery","type":10,"category":0,"actions":["Inspect"],"coordinates":[[13112,8566]],"size":[3,1,523],"rotations":[1],"colors":[7122329,6396809,8434380,6990537]},
  {"id":32191,"name":"Giant vial","type":11,"category":0,"actions":[],"coordinates":[[13112,8558],[13224,8602],[13236,8610],[13236,8490],[13256,8574]],"size":[1,1,523],"rotations":[0,0,0,0,0],"colors":[7122329,6396809,8434380,6990537]},
  {"id":32188,"name":"Stone crate","type":11,"category":0,"actions":[],"coordinates":[[13116,8582],[13128,8570],[13256,8578]],"size":[1,1,523],"rotations":[0,0,0],"colors":[7122329,6396809,8434380,6990537]},
  {"id":32057,"name":"Stone chest","type":11,"category":0,"actions":[],"coordinates":[[13130,8576],[13174,8516],[13214,8588]],"size":[2,2,523],"rotations":[0,0,0],"colors":[7122329,6396809,8434380,6990537]},
  {"id":32056,"name":"Lever","type":10,"category":0,"actions":["Pull"],"coordinates":[[13136,8574],[13264,8578]],"size":[1,1,523],"rotations":[0,0],"colors":[7122329,6396809,8434380,6990537]},
  {"id":32189,"name":"Stone crate","type":10,"category":0,"actions":[],"coordinates":[[13140,8574],[13144,8578],[13256,8562]],"size":[1,1,523],"rotations":[0,0,0],"colors":[7122329,6396809,8434380,6990537]},
  {"id":32067,"name":"Stone crate","type":11,"category":0,"actions":[],"coordinates":[[13160,8542],[13164,8542],[13164,8534],[13168,8550],[13172,8546],[13172,8538],[13172,8530],[13172,8510],[13176,8538],[13212,8618],[13216,8622],[13216,8582],[13216,8550],[13220,8578],[13244,8502],[13244,8490]],"size":[1,1,523],"rotations":[0,0,0,0,0,0,0,0,0,0,0,0,0,0,0,0],"colors":[7122329,6396809,8434380,6990537]},
  {"id":32069,"name":"Stone crate","type":11,"category":0,"actions":[],"coordinates":[[13160,8498],[13164,8538],[13168,8538],[13168,8534],[13168,8514],[13172,8542],[13176,8522],[13212,8582],[13216,8606],[13216,8578],[13216,8498],[13236,8606],[13236,8486],[13248,8594]],"size":[1,1,523],"rotations":[0,0,0,0,0,0,0,0,0,0,0,0,0,0],"colors":[7122329,6396809,8434380,6990537]},
  {"id":32068,"name":"Stone crate","type":11,"category":0,"actions":[],"coordinates":[[13164,8546],[13168,8542],[13168,8530],[13172,8534],[13180,8518],[13208,8550],[13212,8578],[13216,8610],[13220,8558],[13244,8614]],"size":[1,1,523],"rotations":[0,0,0,0,0,0,0,0,0,0],"colors":[7122329,6396809,8434380,6990537]},
  {"id":32054,"name":"Stone chest","type":10,"category":0,"actions":[],"coordinates":[[13168,8508],[13182,8522],[13208,8588],[13218,8494],[13220,8488]],"size":[2,1,523],"rotations":[1,0,1,2,3],"colors":[7122329,6396809,8434380,6990537]},
  {"id":32077,"name":"Ancient Equipment","type":10,"category":0,"actions":["Inspect"],"coordinates":[[13192,8610]],"size":[3,1,523],"rotations":[0],"colors":[7122329,6396809,8434380,6990537]},
  {"id":32076,"name":"Ancient Incubator","type":10,"category":0,"actions":["Inspect"],"coordinates":[[13194,8524]],"size":[4,2,523],"rotations":[0],"colors":[7122329,6396809,8434380,6990537]},
  {"id":32078,"name":"Ancient Incubator","type":10,"category":0,"actions":["Inspect"],"coordinates":[[13214,8568]],"size":[4,2,523],"rotations":[3],"colors":[7122329,6396809,8434380,6990537]},
  {"id":32190,"name":"Stone chest","type":10,"category":0,"actions":[],"coordinates":[[13214,8556],[13234,8620],[13270,8572]],"size":[2,2,523],"rotations":[0,0,0],"colors":[7122329,6396809,8434380,6990537]},
  {"id":32201,"name":"Strange Egg","type":10,"category":0,"actions":[],"coordinates":[[13216,8490],[13228,8494],[13232,8482],[13240,8618],[13272,8566]],"size":[1,1,523],"rotations":[0,0,0,0,0],"colors":[7122329,6396809,8434380,6990537]},
  {"id":30717,"name":"Giant vial","type":10,"category":0,"actions":[],"coordinates":[[13224,8486],[13236,8482],[13244,8498]],"size":[1,1,523],"rotations":[0,0,0],"colors":[7122329,6396809,8434380,6990537]},
  {"id":30718,"name":"Giant vial","type":10,"category":0,"actions":[],"coordinates":[[13224,8482]],"size":[1,1,523],"rotations":[0],"colors":[7122329,6396809,8434380,6990537]},
  {"id":30715,"name":"Pile of Ancient Books","type":10,"category":0,"actions":[],"coordinates":[[13228,8482],[13244,8494]],"size":[1,1,523],"rotations":[0,0],"colors":[7122329,6396809,8434380,6990537]},
  {"id":30719,"name":"Giant vial","type":10,"category":0,"actions":[],"coordinates":[[13232,8490]],"size":[1,1,523],"rotations":[0],"colors":[7122329,6396809,8434380,6990537]},
  {"id":32202,"name":"Strange Egg","type":10,"category":0,"actions":[],"coordinates":[[13236,8498],[13260,8562]],"size":[1,1,523],"rotations":[0,0],"colors":[7122329,6396809,8434380,6990537]},
  {"id":30716,"name":"Pile of Ancient Books","type":10,"category":0,"actions":[],"coordinates":[[13240,8486]],"size":[1,1,523],"rotations":[0],"colors":[7122329,6396809,8434380,6990537]},
  {"id":32074,"name":"Ancient Machinery","type":10,"category":0,"actions":["Inspect"],"coordinates":[[13248,8602]],"size":[3,1,523],"rotations":[3],"colors":[7122329,6396809,8434380,6990537]},
  {"id":32075,"name":"Ancient Equipment","type":10,"category":0,"actions":["Inspect"],"coordinates":[[13256,8530]],"size":[3,1,523],"rotations":[3],"colors":[7122329,6396809,8434380,6990537]},
  {"id":32053,"name":"Stone chest","type":10,"category":0,"actions":["Search"],"coordinates":[[13266,8564]],"size":[2,2,523],"rotations":[0],"colors":[7122329,6396809,8434380,6990537]}
]