[
  {"id":11192,"name":"Rockslide","type":10,"category":0,"actions":[],"coordinates":[[13126,10396],[13138,10396]],"size":[2,2,523],"rotations":[0,0],"colors":[7122329,6396809,8434380,6990537]},
  {"id":11193,"name":"Rockslide","type":10,"category":0,"actions":[],"coordinates":[[13142,10388]],"size":[2,2,523],"rotations":[0],"colors":[7122329,6396809,8434380,6990537]},
  {"id":30179,"name":"Hole","type":10,"category":0,"actions":["Climb-down"],"coordinates":[[13144,10298]],"size":[1,1,523],"rotations":[0],"colors":[7122329,6396809,8434380,6990537]},
  {"id":30178,"name":"Cave Exit","type":0,"category":0,"actions":["Leave"],"coordinates":[[13200,10482]],"size":[1,1,523],"rotations":[0],"colors":[7122329,6396809,8434380,6990537]},
  {"id":537,"name":"Crevice","type":0,"category":0,"actions":["Enter","Private","Peek"],"coordinates":[[13216,10362]],"size":[1,1,523],"rotations":[0],"colors":[7122329,6396809,8434380,6990537]},
  {"id":538,"name":"Crevice","type":0,"category":0,"actions":["Use"],"coordinates":[[13216,10346]],"size":[1,1,523],"rotations":[0],"colors":[7122329,6396809,8434380,6990537]}
]